ronde,datum,speler,speler_id,club,tegenstander,thuis_uit,status,basis,minuten,goals,clean_sheet,ploegpunten,afwezig_reden,opgehaald
1,"zaterdag 8 augustus 2026, 21:00",Jari De Busser,jari-de-busser,AZ,ADO Den Haag,thuis,basis,1,90,0,1,3,,2026-09-07
1,"zaterdag 8 augustus 2026, 21:00",Mateo Chávez,mateo-chavez,AZ,ADO Den Haag,thuis,basis,1,73,0,1,3,,2026-09-07
1,"zaterdag 8 augustus 2026, 21:00",Lewis Schouten,lewis-schouten,AZ,ADO Den Haag,thuis,basis,1,90,0,1,3,,2026-09-07
1,"zaterdag 8 augustus 2026, 21:00",Wouter Goes,wouter-goes,AZ,ADO Den Haag,thuis,basis,1,90,0,1,3,,2026-09-07
1,"zaterdag 8 augustus 2026, 21:00",Elijah Dijkstra,elijah-dijkstra,AZ,ADO Den Haag,thuis,basis,1,90,0,1,3,,2026-09-07
1,"zaterdag 8 augustus 2026, 21:00",Peer Koopmeiners,peer-koopmeiners,AZ,ADO Den Haag,thuis,basis,1,90,0,1,3,,2026-09-07
1,"zaterdag 8 augustus 2026, 21:00",Dave Kwakman,dave-kwakman,AZ,ADO Den Haag,thuis,basis,1,90,0,1,3,,2026-09-07
1,"zaterdag 8 augustus 2026, 21:00",Ro-Zangelo Daal,ro-zangelo-daal,AZ,ADO Den Haag,thuis,basis,1,81,1,1,3,,2026-09-07
1,"zaterdag 8 augustus 2026, 21:00",Kees Smit,kees-smit,AZ,ADO Den Haag,thuis,basis,1,72,0,1,3,,2026-09-07
1,"zaterdag 8 augustus 2026, 21:00",Weslley Patati,weslley-patati,AZ,ADO Den Haag,thuis,basis,1,57,0,1,3,,2026-09-07
1,"zaterdag 8 augustus 2026, 21:00",Mexx Meerdink,mexx-meerdink,AZ,ADO Den Haag,thuis,basis,1,57,0,1,3,,2026-09-07
1,"zaterdag 8 augustus 2026, 21:00",Rome Jayden Owusu Oduro,rome-jayden-owusu-oduro,AZ,ADO Den Haag,thuis,bank,0,0,0,,0,,2026-09-07
1,"zaterdag 8 augustus 2026, 21:00",Seiya Maikuma,seiya-maikuma,AZ,ADO Den Haag,thuis,bank,0,0,0,,0,,2026-09-07
1,"zaterdag 8 augustus 2026, 21:00",Rion Ichihara,rion-ichihara,AZ,ADO Den Haag,thuis,bank,0,0,0,,0,,2026-09-07
1,"zaterdag 8 augustus 2026, 21:00",Billy van Duijl,billy-van-duijl,AZ,ADO Den Haag,thuis,bank,0,0,0,,0,,2026-09-07
1,"zaterdag 8 augustus 2026, 21:00",Mees de Wit,mees-de-wit,AZ,ADO Den Haag,thuis,invaller,0,17,0,1,3,,2026-09-07
1,"zaterdag 8 augustus 2026, 21:00",Calvin Stengs,calvin-stengs,AZ,ADO Den Haag,thuis,invaller,0,33,1,1,3,,2026-09-07
1,"zaterdag 8 augustus 2026, 21:00",Troy Parrott,troy-parrott,AZ,ADO Den Haag,thuis,invaller,0,33,0,1,3,,2026-09-07
1,"zaterdag 8 augustus 2026, 21:00",Isak Jensen,isak-jensen,AZ,ADO Den Haag,thuis,bank,0,0,0,,0,,2026-09-07
1,"zaterdag 8 augustus 2026, 21:00",Ayoub Oufkir,ayoub-oufkir,AZ,ADO Den Haag,thuis,invaller,0,9,0,1,3,,2026-09-07
1,"zaterdag 8 augustus 2026, 21:00",Bendeguz Kovacs,bendeguz-kovacs,AZ,ADO Den Haag,thuis,bank,0,0,0,,0,,2026-09-07
1,"zaterdag 8 augustus 2026, 21:00",Denso Kasius,denso-kasius,AZ,ADO Den Haag,thuis,afwezig,0,0,0,,0,blessure,2026-09-07
1,"zaterdag 8 augustus 2026, 21:00",Jordy Clasie,jordy-clasie,AZ,ADO Den Haag,thuis,afwezig,0,0,0,,0,blessure,2026-08-24
1,"zaterdag 8 augustus 2026, 21:00",Kilian Nikièma,kilian-nikiema,ADO Den Haag,AZ,uit,basis,1,90,0,0,0,,2026-09-07
1,"zaterdag 8 augustus 2026, 21:00",Sekou Sylla,sekou-sylla,ADO Den Haag,AZ,uit,basis,1,90,0,0,0,,2026-09-07
1,"zaterdag 8 augustus 2026, 21:00",Matteo Waem,matteo-waem,ADO Den Haag,AZ,uit,basis,1,90,0,0,0,,2026-09-07
1,"zaterdag 8 augustus 2026, 21:00",Pascal Mulder,pascal-mulder,ADO Den Haag,AZ,uit,basis,1,85,0,0,0,,2026-09-07
1,"zaterdag 8 augustus 2026, 21:00",Milan Hokke,milan-hokke,ADO Den Haag,AZ,uit,basis,1,90,0,0,0,,2026-09-07
1,"zaterdag 8 augustus 2026, 21:00",Jalen Hawkins,jalen-hawkins,ADO Den Haag,AZ,uit,basis,1,57,0,0,0,,2026-09-07
1,"zaterdag 8 augustus 2026, 21:00",Juho Kilo,juho-kilo,ADO Den Haag,AZ,uit,basis,1,90,0,0,0,,2026-09-07
1,"zaterdag 8 augustus 2026, 21:00",Finn de Bruin,finn-de-bruin,ADO Den Haag,AZ,uit,basis,1,57,0,0,0,,2026-09-07
1,"zaterdag 8 augustus 2026, 21:00",Daryl van Mieghem,daryl-van-mieghem,ADO Den Haag,AZ,uit,basis,1,64,0,0,0,,2026-09-07
1,"zaterdag 8 augustus 2026, 21:00",Yannick Eduardo,yannick-eduardo,ADO Den Haag,AZ,uit,basis,1,90,0,0,0,,2026-09-07
1,"zaterdag 8 augustus 2026, 21:00",Evan Rottier,evan-rottier,ADO Den Haag,AZ,uit,basis,1,64,0,0,0,,2026-09-07
1,"zaterdag 8 augustus 2026, 21:00",Sem Eekhout,sem-eekhout,ADO Den Haag,AZ,uit,bank,0,0,0,,0,,2026-09-07
1,"zaterdag 8 augustus 2026, 21:00",Caleb Kramer,caleb-kramer,ADO Den Haag,AZ,uit,bank,0,0,0,,0,,2026-09-07
1,"zaterdag 8 augustus 2026, 21:00",Illaijh de Ruijter,illaijh-de-ruijter,ADO Den Haag,AZ,uit,invaller,0,33,0,0,0,,2026-09-07
1,"zaterdag 8 augustus 2026, 21:00",Lasse Wilhelm,lasse-wilhelm,ADO Den Haag,AZ,uit,invaller,0,5,0,0,0,,2026-09-07
1,"zaterdag 8 augustus 2026, 21:00",Jan Zamburek,jan-zamburek,ADO Den Haag,AZ,uit,bank,0,0,0,,0,,2026-09-07
1,"zaterdag 8 augustus 2026, 21:00",Mylian Jimenez,mylian-jimenez,ADO Den Haag,AZ,uit,invaller,0,33,0,0,0,,2026-09-07
1,"zaterdag 8 augustus 2026, 21:00",Dani van Loenen,dani-van-loenen,ADO Den Haag,AZ,uit,bank,0,0,0,,0,,2026-09-07
1,"zaterdag 8 augustus 2026, 21:00",Jesse Bal,jesse-bal,ADO Den Haag,AZ,uit,invaller,0,26,0,0,0,,2026-09-07
1,"zaterdag 8 augustus 2026, 21:00",Luka Reischl,luka-reischl,ADO Den Haag,AZ,uit,bank,0,0,0,,0,,2026-09-07
1,"zaterdag 8 augustus 2026, 21:00",Nigel Thomas,nigel-thomas,ADO Den Haag,AZ,uit,invaller,0,26,0,0,0,,2026-09-07
1,"zaterdag 8 augustus 2026, 21:00",Cameron Peupion,cameron-peupion,ADO Den Haag,AZ,uit,afwezig,0,0,0,,0,blessure,2026-09-07
1,"zondag 9 augustus 2026, 14:30",Etienne Vaessen,etienne-vaessen,FC Groningen,FC Utrecht,thuis,basis,1,90,0,0,3,,2026-09-07
1,"zondag 9 augustus 2026, 14:30",Wouter Prins,wouter-prins,FC Groningen,FC Utrecht,thuis,basis,1,71,0,0,3,,2026-09-07
1,"zondag 9 augustus 2026, 14:30",Marco Rente,marco-rente,FC Groningen,FC Utrecht,thuis,basis,1,30,0,0,3,,2026-09-07
1,"zondag 9 augustus 2026, 14:30",Thijmen Blokzijl,thijmen-blokzijl,FC Groningen,FC Utrecht,thuis,basis,1,90,0,0,3,,2026-09-07
1,"zondag 9 augustus 2026, 14:30",Jorg Schreuders,jorg-schreuders,FC Groningen,FC Utrecht,thuis,basis,1,90,0,0,3,,2026-09-07
1,"zondag 9 augustus 2026, 14:30",Tygo Land,tygo-land,FC Groningen,FC Utrecht,thuis,basis,1,90,0,0,3,,2026-09-07
1,"zondag 9 augustus 2026, 14:30",Tika de Jonge,tika-de-jonge,FC Groningen,FC Utrecht,thuis,basis,1,90,0,0,3,,2026-09-07
1,"zondag 9 augustus 2026, 14:30",Pelle Clement,pelle-clement,FC Groningen,FC Utrecht,thuis,basis,1,81,0,0,3,,2026-09-07
1,"zondag 9 augustus 2026, 14:30",Thom van Bergen,thom-van-bergen,FC Groningen,FC Utrecht,thuis,basis,1,90,1,0,3,,2026-09-07
1,"zondag 9 augustus 2026, 14:30",David van der Werff,david-van-der-werff,FC Groningen,FC Utrecht,thuis,basis,1,90,0,0,3,,2026-09-07
1,"zondag 9 augustus 2026, 14:30",Brynjólfur Willumsson,brynjolfur-willumsson,FC Groningen,FC Utrecht,thuis,basis,1,81,1,0,3,,2026-09-07
1,"zondag 9 augustus 2026, 14:30",Lovro Stubljar,lovro-stubljar,FC Groningen,FC Utrecht,thuis,bank,0,0,0,,0,,2026-09-07
1,"zondag 9 augustus 2026, 14:30",Rijk Janse,rijk-janse,FC Groningen,FC Utrecht,thuis,bank,0,0,0,,0,,2026-09-07
1,"zondag 9 augustus 2026, 14:30",Nikolas Brandis,nikolas-brandis,FC Groningen,FC Utrecht,thuis,bank,0,0,0,,0,,2026-09-07
1,"zondag 9 augustus 2026, 14:30",Elvis van der Laan,elvis-van-der-laan,FC Groningen,FC Utrecht,thuis,invaller,0,60,0,0,3,,2026-09-07
1,"zondag 9 augustus 2026, 14:30",Tyrique Mercera,tyrique-mercera,FC Groningen,FC Utrecht,thuis,invaller,0,19,0,0,3,,2026-09-07
1,"zondag 9 augustus 2026, 14:30",Travis Hernes,travis-hernes,FC Groningen,FC Utrecht,thuis,invaller,0,9,0,0,3,,2026-09-07
1,"zondag 9 augustus 2026, 14:30",Alvin Nordin,alvin-nordin,FC Groningen,FC Utrecht,thuis,bank,0,0,0,,0,,2026-09-07
1,"zondag 9 augustus 2026, 14:30",Nils Eggens,nils-eggens,FC Groningen,FC Utrecht,thuis,bank,0,0,0,,0,,2026-09-07
1,"zondag 9 augustus 2026, 14:30",Ryan Metu,ryan-metu,FC Groningen,FC Utrecht,thuis,invaller,0,9,0,0,3,,2026-09-07
1,"zondag 9 augustus 2026, 14:30",Stije Resink,stije-resink,FC Groningen,FC Utrecht,thuis,afwezig,0,0,0,,0,blessure,2026-08-18
1,"zondag 9 augustus 2026, 14:30",Oskar Zawada,oskar-zawada,FC Groningen,FC Utrecht,thuis,afwezig,0,0,0,,0,blessure,2026-08-18
1,"zondag 9 augustus 2026, 14:30",Michael Brouwer,michael-brouwer,FC Utrecht,FC Groningen,uit,basis,1,90,0,0,0,,2026-09-07
1,"zondag 9 augustus 2026, 14:30",Arthur Zagré,arthur-zagre,FC Utrecht,FC Groningen,uit,basis,1,90,0,0,0,,2026-09-07
1,"zondag 9 augustus 2026, 14:30",Mike Eerdhuijzen,mike-eerdhuijzen,FC Utrecht,FC Groningen,uit,basis,1,90,0,0,0,,2026-09-07
1,"zondag 9 augustus 2026, 14:30",Siebe Horemans,siebe-horemans,FC Utrecht,FC Groningen,uit,basis,1,70,0,0,0,,2026-09-07
1,"zondag 9 augustus 2026, 14:30",Niklas Vesterlund,niklas-vesterlund,FC Utrecht,FC Groningen,uit,basis,1,90,0,0,0,,2026-09-07
1,"zondag 9 augustus 2026, 14:30",Ferdinand Pohl,ferdinand-pohl,FC Utrecht,FC Groningen,uit,basis,1,62,0,0,0,,2026-09-07
1,"zondag 9 augustus 2026, 14:30",Joris van Overeem,joris-van-overeem,FC Utrecht,FC Groningen,uit,basis,1,90,0,0,0,,2026-09-07
1,"zondag 9 augustus 2026, 14:30",Dani de Wit,dani-de-wit,FC Utrecht,FC Groningen,uit,basis,1,90,0,0,0,,2026-09-07
1,"zondag 9 augustus 2026, 14:30",Yoann Cathline,yoann-cathline,FC Utrecht,FC Groningen,uit,basis,1,62,0,0,0,,2026-09-07
1,"zondag 9 augustus 2026, 14:30",David Min,david-min,FC Utrecht,FC Groningen,uit,basis,1,62,0,0,0,,2026-09-07
1,"zondag 9 augustus 2026, 14:30",Ángel Alarcón,angel-alarcon,FC Utrecht,FC Groningen,uit,basis,1,84,0,0,0,,2026-09-07
1,"zondag 9 augustus 2026, 14:30",Kevin Gadellaa,kevin-gadellaa,FC Utrecht,FC Groningen,uit,bank,0,0,0,,0,,2026-09-07
1,"zondag 9 augustus 2026, 14:30",Guus Offerhaus,guus-offerhaus,FC Utrecht,FC Groningen,uit,invaller,0,20,0,0,0,,2026-09-07
1,"zondag 9 augustus 2026, 14:30",Zidane Iqbal,zidane-iqbal,FC Utrecht,FC Groningen,uit,invaller,0,28,0,0,0,,2026-08-31
1,"zondag 9 augustus 2026, 14:30",Kevin Paredes,kevin-paredes,FC Utrecht,FC Groningen,uit,invaller,0,6,0,0,0,,2026-09-07
1,"zondag 9 augustus 2026, 14:30",Davy van den Berg,davy-van-den-berg,FC Utrecht,FC Groningen,uit,invaller,0,28,0,0,0,,2026-09-07
1,"zondag 9 augustus 2026, 14:30",Adrian Blake,adrian-blake,FC Utrecht,FC Groningen,uit,invaller,0,28,1,0,0,,2026-09-07
1,"zondag 9 augustus 2026, 14:30",Emmanuel Chigozie Owen,emmanuel-chigozie-owen,FC Utrecht,FC Groningen,uit,bank,0,0,0,,0,,2026-09-07
1,"zaterdag 8 augustus 2026, 18:45",Kjetil Haug,kjetil-haug,Go Ahead Eagles,Willem II,thuis,basis,1,90,0,0,3,,2026-09-07
1,"zaterdag 8 augustus 2026, 18:45",Dean James,dean-james,Go Ahead Eagles,Willem II,thuis,basis,1,75,0,0,3,,2026-09-07
1,"zaterdag 8 augustus 2026, 18:45",Joris Kramer,joris-kramer,Go Ahead Eagles,Willem II,thuis,basis,1,90,0,0,3,,2026-09-07
1,"zaterdag 8 augustus 2026, 18:45",Julius Dirksen,julius-dirksen,Go Ahead Eagles,Willem II,thuis,basis,1,75,1,0,3,,2026-09-07
1,"zaterdag 8 augustus 2026, 18:45",Alfons Sampsted,alfons-sampsted,Go Ahead Eagles,Willem II,thuis,basis,1,90,0,0,3,,2026-09-07
1,"zaterdag 8 augustus 2026, 18:45",Melle Meulensteen,melle-meulensteen,Go Ahead Eagles,Willem II,thuis,basis,1,75,1,0,3,,2026-09-07
1,"zaterdag 8 augustus 2026, 18:45",Evert Linthorst,evert-linthorst,Go Ahead Eagles,Willem II,thuis,basis,1,90,0,0,3,,2026-09-07
1,"zaterdag 8 augustus 2026, 18:45",Mathis Suray,mathis-suray,Go Ahead Eagles,Willem II,thuis,basis,1,83,0,0,3,,2026-09-07
1,"zaterdag 8 augustus 2026, 18:45",Victor Edvardsen,victor-edvardsen,Go Ahead Eagles,Willem II,thuis,basis,1,90,0,0,3,,2026-09-07
1,"zaterdag 8 augustus 2026, 18:45",Søren Tengstedt,soren-tengstedt,Go Ahead Eagles,Willem II,thuis,basis,1,90,0,0,3,,2026-09-07
1,"zaterdag 8 augustus 2026, 18:45",Stefán Ingi Sigurdarson,stefan-ingi-sigurdarson,Go Ahead Eagles,Willem II,thuis,basis,1,62,0,0,3,,2026-09-07
1,"zaterdag 8 augustus 2026, 18:45",Sren Tengstedt,sren-tengstedt,Go Ahead Eagles,Willem II,thuis,bank,0,0,0,,0,,2026-09-07
1,"zaterdag 8 augustus 2026, 18:45",Sasha Panah,sasha-panah,Go Ahead Eagles,Willem II,thuis,bank,0,0,0,,0,,2026-09-07
1,"zaterdag 8 augustus 2026, 18:45",Nando Verdoni,nando-verdoni,Go Ahead Eagles,Willem II,thuis,bank,0,0,0,,0,,2026-09-07
1,"zaterdag 8 augustus 2026, 18:45",Eus Waayers,eus-waayers,Go Ahead Eagles,Willem II,thuis,bank,0,0,0,,0,,2026-09-07
1,"zaterdag 8 augustus 2026, 18:45",Giovanni van Zwam,giovanni-van-zwam,Go Ahead Eagles,Willem II,thuis,invaller,0,15,0,0,3,,2026-09-07
1,"zaterdag 8 augustus 2026, 18:45",Calvin Twigt,calvin-twigt,Go Ahead Eagles,Willem II,thuis,invaller,0,15,0,0,3,,2026-09-07
1,"zaterdag 8 augustus 2026, 18:45",Yassir Salah Rahmouni,yassir-salah-rahmouni,Go Ahead Eagles,Willem II,thuis,bank,0,0,0,,0,,2026-09-07
1,"zaterdag 8 augustus 2026, 18:45",Oskar Sivertsen,oskar-sivertsen,Go Ahead Eagles,Willem II,thuis,bank,0,0,0,,0,,2026-09-07
1,"zaterdag 8 augustus 2026, 18:45",Richonell Margaret,richonell-margaret,Go Ahead Eagles,Willem II,thuis,invaller,0,7,0,0,3,,2026-09-07
1,"zaterdag 8 augustus 2026, 18:45",Thibo Baeten,thibo-baeten,Go Ahead Eagles,Willem II,thuis,invaller,0,15,0,0,3,,2026-09-07
1,"zaterdag 8 augustus 2026, 18:45",Erik Flataker,erik-flataker,Go Ahead Eagles,Willem II,thuis,invaller,0,28,1,0,3,,2026-09-07
1,"zaterdag 8 augustus 2026, 18:45",Ofosu Boakye,ofosu-boakye,Go Ahead Eagles,Willem II,thuis,bank,0,0,0,,0,,2026-09-07
1,"zaterdag 8 augustus 2026, 18:45",Julius Dirksen,julius-dirksen,Go Ahead Eagles,Willem II,thuis,afwezig,0,0,0,,0,blessure,2026-08-31
1,"zaterdag 8 augustus 2026, 18:45",Tomas Galvez,tomas-galvez,Go Ahead Eagles,Willem II,thuis,afwezig,0,0,0,,0,blessure,2026-09-07
1,"zaterdag 8 augustus 2026, 18:45",Thomas Didillon-Hödl,thomas-didillon-hodl,Willem II,Go Ahead Eagles,uit,basis,1,68,0,0,0,,2026-09-07
1,"zaterdag 8 augustus 2026, 18:45",Nathan Tjoe-A-On,nathan-tjoe-a-on,Willem II,Go Ahead Eagles,uit,basis,1,90,0,0,0,,2026-09-07
1,"zaterdag 8 augustus 2026, 18:45",Justin Hoogma,justin-hoogma,Willem II,Go Ahead Eagles,uit,basis,1,90,0,0,0,,2026-09-07
1,"zaterdag 8 augustus 2026, 18:45",Finn Stam,finn-stam,Willem II,Go Ahead Eagles,uit,basis,1,90,0,0,0,,2026-09-07
1,"zaterdag 8 augustus 2026, 18:45",Per van Loon,per-van-loon,Willem II,Go Ahead Eagles,uit,basis,1,68,0,0,0,,2026-09-07
1,"zaterdag 8 augustus 2026, 18:45",Jaden Slory,jaden-slory,Willem II,Go Ahead Eagles,uit,basis,1,90,0,0,0,,2026-09-07
1,"zaterdag 8 augustus 2026, 18:45",Kasper Boogaard,kasper-boogaard,Willem II,Go Ahead Eagles,uit,basis,1,90,0,0,0,,2026-09-07
1,"zaterdag 8 augustus 2026, 18:45",Alessandro Ciranni,alessandro-ciranni,Willem II,Go Ahead Eagles,uit,basis,1,90,0,0,0,,2026-09-07
1,"zaterdag 8 augustus 2026, 18:45",Eser Gürbüz,eser-gurbuz,Willem II,Go Ahead Eagles,uit,basis,1,76,0,0,0,,2026-09-07
1,"zaterdag 8 augustus 2026, 18:45",Uriël van Aalst,uriel-van-aalst,Willem II,Go Ahead Eagles,uit,basis,1,90,0,0,0,,2026-09-07
1,"zaterdag 8 augustus 2026, 18:45",Devin Haen,devin-haen,Willem II,Go Ahead Eagles,uit,basis,1,90,1,0,0,,2026-09-07
1,"zaterdag 8 augustus 2026, 18:45",Wouter van der Steen,wouter-van-der-steen,Willem II,Go Ahead Eagles,uit,invaller,0,22,0,0,0,,2026-09-07
1,"zaterdag 8 augustus 2026, 18:45",Karst de Leeuw,karst-de-leeuw,Willem II,Go Ahead Eagles,uit,bank,0,0,0,,0,,2026-09-07
1,"zaterdag 8 augustus 2026, 18:45",Jens Mathijsen,jens-mathijsen,Willem II,Go Ahead Eagles,uit,bank,0,0,0,,0,,2026-09-07
1,"zaterdag 8 augustus 2026, 18:45",Amine Et Taibi,amine-et-taibi,Willem II,Go Ahead Eagles,uit,invaller,0,22,0,0,0,,2026-09-07
1,"zaterdag 8 augustus 2026, 18:45",Mats Lemmens,mats-lemmens,Willem II,Go Ahead Eagles,uit,invaller,0,14,0,0,0,,2026-09-07
1,"zaterdag 8 augustus 2026, 18:45",Thomas Verheydt,thomas-verheydt,Willem II,Go Ahead Eagles,uit,bank,0,0,0,,0,,2026-09-07
1,"zaterdag 8 augustus 2026, 18:45",Armin Culum,armin-culum,Willem II,Go Ahead Eagles,uit,afwezig,0,0,0,,0,blessure,2026-09-07
1,"zaterdag 8 augustus 2026, 16:30",Gonzalo Crettaz,gonzalo-crettaz,NEC,Telstar,thuis,basis,1,90,0,0,0,,2026-09-07
1,"zaterdag 8 augustus 2026, 16:30",Deveron Fonville,deveron-fonville,NEC,Telstar,thuis,basis,1,90,0,0,0,,2026-09-07
1,"zaterdag 8 augustus 2026, 16:30",Darko Nejasmic,darko-nejasmic,NEC,Telstar,thuis,basis,1,46,0,0,0,,2026-09-07
1,"zaterdag 8 augustus 2026, 16:30",Brayann Pereira,brayann-pereira,NEC,Telstar,thuis,basis,1,90,0,0,0,,2026-09-07
1,"zaterdag 8 augustus 2026, 16:30",Clement Bischoff,clement-bischoff,NEC,Telstar,thuis,basis,1,90,0,0,0,,2026-09-07
1,"zaterdag 8 augustus 2026, 16:30",Isak Hansen-Aarøen,isak-hansen-aaroen,NEC,Telstar,thuis,basis,1,90,0,0,0,,2026-09-07
1,"zaterdag 8 augustus 2026, 16:30",Jamiro Monteiro,jamiro-monteiro,NEC,Telstar,thuis,basis,1,64,0,0,0,,2026-09-07
1,"zaterdag 8 augustus 2026, 16:30",Sami Ouaissa,sami-ouaissa,NEC,Telstar,thuis,basis,1,79,0,0,0,,2026-09-07
1,"zaterdag 8 augustus 2026, 16:30",Noé Lebreton,noe-lebreton,NEC,Telstar,thuis,basis,1,64,0,0,0,,2026-09-07
1,"zaterdag 8 augustus 2026, 16:30",Tjaronn Chery,tjaronn-chery,NEC,Telstar,thuis,basis,1,64,0,0,0,,2026-09-07
1,"zaterdag 8 augustus 2026, 16:30",Dusan Tadic,dusan-tadic,NEC,Telstar,thuis,basis,1,90,0,0,0,,2026-09-07
1,"zaterdag 8 augustus 2026, 16:30",Isak Hansen Aaren,isak-hansen-aaren,NEC,Telstar,thuis,bank,0,0,0,,0,,2026-09-07
1,"zaterdag 8 augustus 2026, 16:30",Freek Entius,freek-entius,NEC,Telstar,thuis,bank,0,0,0,,0,,2026-09-07
1,"zaterdag 8 augustus 2026, 16:30",Joep Geneste,joep-geneste,NEC,Telstar,thuis,bank,0,0,0,,0,,2026-09-07
1,"zaterdag 8 augustus 2026, 16:30",Philippe Sandler,philippe-sandler,NEC,Telstar,thuis,invaller,0,26,0,0,0,,2026-09-07
1,"zaterdag 8 augustus 2026, 16:30",Thomas Ouwejan,thomas-ouwejan,NEC,Telstar,thuis,bank,0,0,0,,0,,2026-08-31
1,"zaterdag 8 augustus 2026, 16:30",T Storm,t-storm,NEC,Telstar,thuis,bank,0,0,0,,0,,2026-09-07
1,"zaterdag 8 augustus 2026, 16:30",Willum Thor Willumsson,willum-thor-willumsson,NEC,Telstar,thuis,invaller,0,26,0,0,0,,2026-09-07
1,"zaterdag 8 augustus 2026, 16:30",Merijn van de Wiel,merijn-van-de-wiel,NEC,Telstar,thuis,bank,0,0,0,,0,,2026-09-07
1,"zaterdag 8 augustus 2026, 16:30",Emre Mor,emre-mor,NEC,Telstar,thuis,invaller,0,11,0,0,0,,2026-09-07
1,"zaterdag 8 augustus 2026, 16:30",Kaj Sierhuis,kaj-sierhuis,NEC,Telstar,thuis,invaller,0,44,1,0,0,,2026-09-07
1,"zaterdag 8 augustus 2026, 16:30",Adam Tahaui,adam-tahaui,NEC,Telstar,thuis,bank,0,0,0,,0,,2026-09-07
1,"zaterdag 8 augustus 2026, 16:30",Bryan Linssen,bryan-linssen,NEC,Telstar,thuis,invaller,0,26,0,0,0,,2026-09-07
1,"zaterdag 8 augustus 2026, 16:30",Kevin Kers,kevin-kers,NEC,Telstar,thuis,bank,0,0,0,,0,,2026-09-07
1,"zaterdag 8 augustus 2026, 16:30",Koki Ogawa,koki-ogawa,NEC,Telstar,thuis,afwezig,0,0,0,,0,blessure,2026-08-24
1,"zaterdag 8 augustus 2026, 16:30",Thomas Ouwejan,thomas-ouwejan,NEC,Telstar,thuis,afwezig,0,0,0,,0,blessure,2026-09-07
1,"zaterdag 8 augustus 2026, 16:30",Yassin Moslih,yassin-moslih,NEC,Telstar,thuis,afwezig,0,0,0,,0,blessure,2026-09-07
1,"zaterdag 8 augustus 2026, 16:30",Ronald Koeman Jr.,ronald-koeman-jr,Telstar,NEC,uit,basis,1,90,0,0,3,,2026-09-07
1,"zaterdag 8 augustus 2026, 16:30",Jeff Hardeveld,jeff-hardeveld,Telstar,NEC,uit,basis,1,90,0,0,3,,2026-09-07
1,"zaterdag 8 augustus 2026, 16:30",Marvin Peersman,marvin-peersman,Telstar,NEC,uit,basis,1,90,0,0,3,,2026-09-07
1,"zaterdag 8 augustus 2026, 16:30",Abdelnour Soualhia,abdelnour-soualhia,Telstar,NEC,uit,basis,1,90,0,0,3,,2026-09-07
1,"zaterdag 8 augustus 2026, 16:30",Gerald Alders,gerald-alders,Telstar,NEC,uit,basis,1,64,0,0,3,,2026-09-07
1,"zaterdag 8 augustus 2026, 16:30",Tyrone Owusu,tyrone-owusu,Telstar,NEC,uit,basis,1,70,0,0,3,,2026-09-07
1,"zaterdag 8 augustus 2026, 16:30",Nils Rossen,nils-rossen,Telstar,NEC,uit,basis,1,64,0,0,3,,2026-09-07
1,"zaterdag 8 augustus 2026, 16:30",Soufiane Hetli,soufiane-hetli,Telstar,NEC,uit,basis,1,63,0,0,3,,2026-09-07
1,"zaterdag 8 augustus 2026, 16:30",Patrick Brouwer,patrick-brouwer,Telstar,NEC,uit,basis,1,90,1,0,3,,2026-09-07
1,"zaterdag 8 augustus 2026, 16:30",Rui Mendes,rui-mendes,Telstar,NEC,uit,basis,1,55,1,0,3,,2026-09-07
1,"zaterdag 8 augustus 2026, 16:30",Jelani Seedorf,jelani-seedorf,Telstar,NEC,uit,basis,1,90,0,0,3,,2026-09-07
1,"zaterdag 8 augustus 2026, 16:30",Finn Mulder,finn-mulder,Telstar,NEC,uit,bank,0,0,0,,0,,2026-09-07
1,"zaterdag 8 augustus 2026, 16:30",Daan Reiziger,daan-reiziger,Telstar,NEC,uit,bank,0,0,0,,0,,2026-09-07
1,"zaterdag 8 augustus 2026, 16:30",Nigel Ogidi Nwankwo,nigel-ogidi-nwankwo,Telstar,NEC,uit,bank,0,0,0,,0,,2026-09-07
1,"zaterdag 8 augustus 2026, 16:30",Gabi Caschili,gabi-caschili,Telstar,NEC,uit,invaller,0,20,0,0,3,,2026-09-07
1,"zaterdag 8 augustus 2026, 16:30",Rojendro Oudsten,rojendro-oudsten,Telstar,NEC,uit,bank,0,0,0,,0,,2026-09-07
1,"zaterdag 8 augustus 2026, 16:30",Prince Aning,prince-aning,Telstar,NEC,uit,invaller,0,27,0,0,3,,2026-09-07
1,"zaterdag 8 augustus 2026, 16:30",Isaiah Ahmed,isaiah-ahmed,Telstar,NEC,uit,invaller,0,26,0,0,3,,2026-09-07
1,"zaterdag 8 augustus 2026, 16:30",Harrie Kuster,harrie-kuster,Telstar,NEC,uit,bank,0,0,0,,0,,2026-09-07
1,"zaterdag 8 augustus 2026, 16:30",Noach Shenkman,noach-shenkman,Telstar,NEC,uit,invaller,0,26,0,0,3,,2026-09-07
1,"zaterdag 8 augustus 2026, 16:30",Emirhan Demircan,emirhan-demircan,Telstar,NEC,uit,invaller,0,35,0,0,3,,2026-09-07
1,"zaterdag 8 augustus 2026, 16:30",Fabiano Rust,fabiano-rust,Telstar,NEC,uit,bank,0,0,0,,0,,2026-09-07
1,"zaterdag 8 augustus 2026, 16:30",Fofin Turay,fofin-turay,Telstar,NEC,uit,bank,0,0,0,,0,,2026-09-07
1,"zondag 9 augustus 2026, 14:30",Jasper Schendelaar,jasper-schendelaar,PEC Zwolle,Ajax,thuis,basis,1,90,0,0,0,,2026-09-07
1,"zondag 9 augustus 2026, 14:30",Sherel Floranus,sherel-floranus,PEC Zwolle,Ajax,thuis,basis,1,90,0,0,0,,2026-09-07
1,"zondag 9 augustus 2026, 14:30",Nick Viergever,nick-viergever,PEC Zwolle,Ajax,thuis,basis,1,90,0,0,0,,2026-09-07
1,"zondag 9 augustus 2026, 14:30",Simon Graves,simon-graves,PEC Zwolle,Ajax,thuis,basis,1,90,0,0,0,,2026-09-07
1,"zondag 9 augustus 2026, 14:30",Olivier Aertssen,olivier-aertssen,PEC Zwolle,Ajax,thuis,basis,1,90,0,0,0,,2026-09-07
1,"zondag 9 augustus 2026, 14:30",Ibrahim Cissoko,ibrahim-cissoko,PEC Zwolle,Ajax,thuis,basis,1,60,0,0,0,,2026-09-07
1,"zondag 9 augustus 2026, 14:30",Tobias Sommer,tobias-sommer,PEC Zwolle,Ajax,thuis,basis,1,85,0,0,0,,2026-09-07
1,"zondag 9 augustus 2026, 14:30",Ryan Thomas,ryan-thomas,PEC Zwolle,Ajax,thuis,basis,1,85,0,0,0,,2026-09-07
1,"zondag 9 augustus 2026, 14:30",Dylan Mbayo,dylan-mbayo,PEC Zwolle,Ajax,thuis,basis,1,61,0,0,0,,2026-09-07
1,"zondag 9 augustus 2026, 14:30",Thijs Oosting,thijs-oosting,PEC Zwolle,Ajax,thuis,basis,1,74,0,0,0,,2026-09-07
1,"zondag 9 augustus 2026, 14:30",Koen Kostons,koen-kostons,PEC Zwolle,Ajax,thuis,basis,1,90,0,0,0,,2026-09-07
1,"zondag 9 augustus 2026, 14:30",T Sommer,t-sommer,PEC Zwolle,Ajax,thuis,bank,0,0,0,,0,,2026-09-07
1,"zondag 9 augustus 2026, 14:30",Tom de Graaff,tom-de-graaff,PEC Zwolle,Ajax,thuis,bank,0,0,0,,0,,2026-09-07
1,"zondag 9 augustus 2026, 14:30",Duke Verduin,duke-verduin,PEC Zwolle,Ajax,thuis,bank,0,0,0,,0,,2026-09-07
1,"zondag 9 augustus 2026, 14:30",Tijs Velthuis,tijs-velthuis,PEC Zwolle,Ajax,thuis,invaller,0,16,0,0,0,,2026-09-07
1,"zondag 9 augustus 2026, 14:30",Damian van der Haar,damian-van-der-haar,PEC Zwolle,Ajax,thuis,invaller,0,30,0,0,0,,2026-09-07
1,"zondag 9 augustus 2026, 14:30",Odysseus Velanas,odysseus-velanas,PEC Zwolle,Ajax,thuis,invaller,0,5,0,0,0,,2026-09-07
1,"zondag 9 augustus 2026, 14:30",Gabriel Reiziger,gabriel-reiziger,PEC Zwolle,Ajax,thuis,invaller,0,29,0,0,0,,2026-09-07
1,"zondag 9 augustus 2026, 14:30",Jadiel Pereira Da Gama,jadiel-pereira-da-gama,PEC Zwolle,Ajax,thuis,bank,0,0,0,,0,,2026-09-07
1,"zondag 9 augustus 2026, 14:30",Nick Fichtinger,nick-fichtinger,PEC Zwolle,Ajax,thuis,bank,0,0,0,,0,,2026-09-07
1,"zondag 9 augustus 2026, 14:30",Givaro Rahajaan,givaro-rahajaan,PEC Zwolle,Ajax,thuis,bank,0,0,0,,0,,2026-09-07
1,"zondag 9 augustus 2026, 14:30",Elias Srensen,elias-srensen,PEC Zwolle,Ajax,thuis,bank,0,0,0,,0,,2026-09-07
1,"zondag 9 augustus 2026, 14:30",Jan Bürger,jan-burger,PEC Zwolle,Ajax,thuis,afwezig,0,0,0,,0,blessure,2026-08-18
1,"zondag 9 augustus 2026, 14:30",Marc-André ter Stegen,marc-andre-ter-stegen,Ajax,PEC Zwolle,uit,basis,1,90,0,1,3,,2026-09-07
1,"zondag 9 augustus 2026, 14:30",Caio Henrique,caio-henrique,Ajax,PEC Zwolle,uit,basis,1,90,0,1,3,,2026-09-07
1,"zondag 9 augustus 2026, 14:30",Youri Baas,youri-baas,Ajax,PEC Zwolle,uit,basis,1,90,0,1,3,,2026-09-07
1,"zondag 9 augustus 2026, 14:30",Aaron Bouwman,aaron-bouwman,Ajax,PEC Zwolle,uit,basis,1,90,0,1,3,,2026-09-07
1,"zondag 9 augustus 2026, 14:30",Lucas Rosa,lucas-rosa,Ajax,PEC Zwolle,uit,basis,1,90,0,1,3,,2026-09-07
1,"zondag 9 augustus 2026, 14:30",Youri Regeer,youri-regeer,Ajax,PEC Zwolle,uit,basis,1,61,0,1,3,,2026-09-07
1,"zondag 9 augustus 2026, 14:30",Davy Klaassen,davy-klaassen,Ajax,PEC Zwolle,uit,basis,1,90,0,1,3,,2026-09-07
1,"zondag 9 augustus 2026, 14:30",Abdellah Ouazane,abdellah-ouazane,Ajax,PEC Zwolle,uit,basis,1,73,0,1,3,,2026-09-07
1,"zondag 9 augustus 2026, 14:30",Oscar Gloukh,oscar-gloukh,Ajax,PEC Zwolle,uit,basis,1,61,0,1,3,,2026-09-07
1,"zondag 9 augustus 2026, 14:30",Steven Berghuis,steven-berghuis,Ajax,PEC Zwolle,uit,basis,1,61,0,1,3,,2026-09-07
1,"zondag 9 augustus 2026, 14:30",Kasper Dolberg,kasper-dolberg,Ajax,PEC Zwolle,uit,basis,1,67,0,1,3,,2026-09-07
1,"zondag 9 augustus 2026, 14:30",Joeri Heerkens,joeri-heerkens,Ajax,PEC Zwolle,uit,bank,0,0,0,,0,,2026-09-07
1,"zondag 9 augustus 2026, 14:30",Maarten Paes,maarten-paes,Ajax,PEC Zwolle,uit,bank,0,0,0,,0,,2026-09-07
1,"zondag 9 augustus 2026, 14:30",Anton Gaaei,anton-gaaei,Ajax,PEC Zwolle,uit,bank,0,0,0,,0,,2026-09-07
1,"zondag 9 augustus 2026, 14:30",Owen Wijndal,owen-wijndal,Ajax,PEC Zwolle,uit,bank,0,0,0,,0,,2026-09-07
1,"zondag 9 augustus 2026, 14:30",Daley Blind,daley-blind,Ajax,PEC Zwolle,uit,bank,0,0,0,,0,,2026-09-07
1,"zondag 9 augustus 2026, 14:30",Julian Brandt,julian-brandt,Ajax,PEC Zwolle,uit,invaller,0,29,1,1,3,,2026-09-07
1,"zondag 9 augustus 2026, 14:30",Jorthy Mokio,jorthy-mokio,Ajax,PEC Zwolle,uit,invaller,0,29,1,1,3,,2026-09-07
1,"zondag 9 augustus 2026, 14:30",Maher Carrizo,maher-carrizo,Ajax,PEC Zwolle,uit,bank,0,0,0,,0,,2026-08-31
1,"zondag 9 augustus 2026, 14:30",Mika Godts,mika-godts,Ajax,PEC Zwolle,uit,invaller,0,29,0,1,3,,2026-09-07
1,"zondag 9 augustus 2026, 14:30",Oliver Edvardsen,oliver-edvardsen,Ajax,PEC Zwolle,uit,bank,0,0,0,,0,,2026-09-07
1,"zondag 9 augustus 2026, 14:30",Marcos Leonardo,marcos-leonardo,Ajax,PEC Zwolle,uit,invaller,0,23,0,1,3,,2026-09-07
1,"zondag 9 augustus 2026, 14:30",Tolu Arokodare,tolu-arokodare,Ajax,PEC Zwolle,uit,invaller,0,17,0,1,3,,2026-09-07
1,"zondag 9 augustus 2026, 14:30",Ko Itakura,ko-itakura,Ajax,PEC Zwolle,uit,afwezig,0,0,0,,0,blessure,2026-08-18
1,"zondag 9 augustus 2026, 14:30",Ahmetcan Kaplan,ahmetcan-kaplan,Ajax,PEC Zwolle,uit,afwezig,0,0,0,,0,blessure,2026-08-18
1,"zondag 9 augustus 2026, 14:30",Josip Šutalo,josip-sutalo,Ajax,PEC Zwolle,uit,afwezig,0,0,0,,0,blessure,2026-08-18
1,"zaterdag 8 augustus 2026, 20:00",Matej Kovar,matej-kovar,PSV,Fortuna Sittard,thuis,basis,1,90,0,0,1,,2026-09-07
1,"zaterdag 8 augustus 2026, 20:00",Mauro Júnior,mauro-junior,PSV,Fortuna Sittard,thuis,basis,1,90,0,0,1,,2026-09-07
1,"zaterdag 8 augustus 2026, 20:00",Armando Obispo,armando-obispo,PSV,Fortuna Sittard,thuis,basis,1,90,0,0,1,,2026-09-07
1,"zaterdag 8 augustus 2026, 20:00",Ryan Flamingo,ryan-flamingo,PSV,Fortuna Sittard,thuis,basis,1,90,1,0,1,,2026-09-07
1,"zaterdag 8 augustus 2026, 20:00",Ivan Perisic,ivan-perisic,PSV,Fortuna Sittard,thuis,basis,1,90,0,0,1,,2026-09-07
1,"zaterdag 8 augustus 2026, 20:00",Noah Fernandez,noah-fernandez,PSV,Fortuna Sittard,thuis,basis,1,90,1,0,1,,2026-09-07
1,"zaterdag 8 augustus 2026, 20:00",Paul Wanner,paul-wanner,PSV,Fortuna Sittard,thuis,basis,1,90,0,0,1,,2026-09-07
1,"zaterdag 8 augustus 2026, 20:00",Ruben van Bommel,ruben-van-bommel,PSV,Fortuna Sittard,thuis,basis,1,46,0,0,1,,2026-09-07
1,"zaterdag 8 augustus 2026, 20:00",Sven Mijnans,sven-mijnans,PSV,Fortuna Sittard,thuis,basis,1,69,0,0,1,,2026-09-07
1,"zaterdag 8 augustus 2026, 20:00",Guus Til,guus-til,PSV,Fortuna Sittard,thuis,basis,1,68,0,0,1,,2026-09-07
1,"zaterdag 8 augustus 2026, 20:00",Ricardo Pepi,ricardo-pepi,PSV,Fortuna Sittard,thuis,basis,1,80,0,0,1,,2026-09-07
1,"zaterdag 8 augustus 2026, 20:00",Nick Olij,nick-olij,PSV,Fortuna Sittard,thuis,bank,0,0,0,,0,,2026-09-07
1,"zaterdag 8 augustus 2026, 20:00",Tijn Smolenaars,tijn-smolenaars,PSV,Fortuna Sittard,thuis,bank,0,0,0,,0,,2026-09-07
1,"zaterdag 8 augustus 2026, 20:00",Yarek Gasiorowski,yarek-gasiorowski,PSV,Fortuna Sittard,thuis,bank,0,0,0,,0,,2026-09-07
1,"zaterdag 8 augustus 2026, 20:00",Kiliann Sildillia,kiliann-sildillia,PSV,Fortuna Sittard,thuis,invaller,0,10,0,0,1,,2026-09-07
1,"zaterdag 8 augustus 2026, 20:00",Fabian Merien,fabian-merien,PSV,Fortuna Sittard,thuis,bank,0,0,0,,0,,2026-09-07
1,"zaterdag 8 augustus 2026, 20:00",Joel van den Berg,joel-van-den-berg,PSV,Fortuna Sittard,thuis,bank,0,0,0,,0,,2026-08-31
1,"zaterdag 8 augustus 2026, 20:00",Alassane Plea,alassane-plea,PSV,Fortuna Sittard,thuis,invaller,0,22,0,0,1,,2026-09-07
1,"zaterdag 8 augustus 2026, 20:00",Esmir Bajraktarevic,esmir-bajraktarevic,PSV,Fortuna Sittard,thuis,bank,0,0,0,,0,,2026-09-07
1,"zaterdag 8 augustus 2026, 20:00",Dennis Man,dennis-man,PSV,Fortuna Sittard,thuis,invaller,0,21,0,0,1,,2026-09-07
1,"zaterdag 8 augustus 2026, 20:00",Amir Bouhamdi,amir-bouhamdi,PSV,Fortuna Sittard,thuis,invaller,0,44,0,0,1,,2026-09-07
1,"zaterdag 8 augustus 2026, 20:00",Jerdy Schouten,jerdy-schouten,PSV,Fortuna Sittard,thuis,afwezig,0,0,0,,0,blessure,2026-09-07
1,"zaterdag 8 augustus 2026, 20:00",Couhaib Driouech,couhaib-driouech,PSV,Fortuna Sittard,thuis,afwezig,0,0,0,,0,blessure,2026-08-18
1,"zaterdag 8 augustus 2026, 20:00",Joey Veerman,joey-veerman,PSV,Fortuna Sittard,thuis,afwezig,0,0,0,,0,schorsing,2026-08-18
1,"zaterdag 8 augustus 2026, 20:00",Mattijs Branderhorst,mattijs-branderhorst,Fortuna Sittard,PSV,uit,basis,1,90,0,0,1,,2026-09-07
1,"zaterdag 8 augustus 2026, 20:00",Jasper Dahlhaus,jasper-dahlhaus,Fortuna Sittard,PSV,uit,basis,1,87,0,0,1,,2026-09-07
1,"zaterdag 8 augustus 2026, 20:00",Justin Hubner,justin-hubner,Fortuna Sittard,PSV,uit,basis,1,90,0,0,1,,2026-09-07
1,"zaterdag 8 augustus 2026, 20:00",Syb van Ottele,syb-van-ottele,Fortuna Sittard,PSV,uit,basis,1,78,0,0,1,,2026-09-07
1,"zaterdag 8 augustus 2026, 20:00",Ivo Pinto,ivo-pinto,Fortuna Sittard,PSV,uit,basis,1,90,0,0,1,,2026-09-07
1,"zaterdag 8 augustus 2026, 20:00",Siebe Wylin,siebe-wylin,Fortuna Sittard,PSV,uit,basis,1,90,0,0,1,,2026-09-07
1,"zaterdag 8 augustus 2026, 20:00",Yassin Oukili,yassin-oukili,Fortuna Sittard,PSV,uit,basis,1,87,0,0,1,,2026-09-07
1,"zaterdag 8 augustus 2026, 20:00",Philip Brittijn,philip-brittijn,Fortuna Sittard,PSV,uit,basis,1,79,0,0,1,,2026-09-07
1,"zaterdag 8 augustus 2026, 20:00",Mohamed Ihattaren,mohamed-ihattaren,Fortuna Sittard,PSV,uit,basis,1,90,0,0,1,,2026-09-07
1,"zaterdag 8 augustus 2026, 20:00",Ole Romeny,ole-romeny,Fortuna Sittard,PSV,uit,basis,1,90,1,0,1,,2026-09-07
1,"zaterdag 8 augustus 2026, 20:00",Lequincio Zeefuik,lequincio-zeefuik,Fortuna Sittard,PSV,uit,basis,1,61,0,0,1,,2026-09-07
1,"zaterdag 8 augustus 2026, 20:00",Luuk Koopmans,luuk-koopmans,Fortuna Sittard,PSV,uit,bank,0,0,0,,0,,2026-09-07
1,"zaterdag 8 augustus 2026, 20:00",Kaylen,kaylen,Fortuna Sittard,PSV,uit,bank,0,0,0,,0,,2026-08-31
1,"zaterdag 8 augustus 2026, 20:00",Nick de Groot,nick-de-groot,Fortuna Sittard,PSV,uit,invaller,0,11,0,0,1,,2026-09-07
1,"zaterdag 8 augustus 2026, 20:00",Edouard Michut,edouard-michut,Fortuna Sittard,PSV,uit,invaller,0,29,1,0,1,,2026-09-07
1,"zaterdag 8 augustus 2026, 20:00",Moussa Gbemou,moussa-gbemou,Fortuna Sittard,PSV,uit,invaller,0,3,0,0,1,,2026-09-07
1,"zaterdag 8 augustus 2026, 20:00",Anthony Descotte,anthony-descotte,Fortuna Sittard,PSV,uit,invaller,0,12,0,0,1,,2026-09-07
1,"zaterdag 8 augustus 2026, 20:00",Kristoffer Peterson,kristoffer-peterson,Fortuna Sittard,PSV,uit,afwezig,0,0,0,,0,blessure,2026-09-07
1,"zaterdag 8 augustus 2026, 20:00",Iván Márquez Álvarez,ivan-marquez-alvarez,Fortuna Sittard,PSV,uit,afwezig,0,0,0,,0,blessure,2026-09-07
1,"zaterdag 8 augustus 2026, 20:00",Jevon Simons,jevon-simons,Fortuna Sittard,PSV,uit,afwezig,0,0,0,,0,blessure,2026-09-07
1,"vrijdag 7 augustus 2026, 20:00",Thijs Jansen,thijs-jansen,SC Cambuur,Excelsior,thuis,basis,1,90,0,0,0,,2026-09-07
1,"vrijdag 7 augustus 2026, 20:00",Jamal Amofa,jamal-amofa,SC Cambuur,Excelsior,thuis,basis,1,90,0,0,0,,2026-09-07
1,"vrijdag 7 augustus 2026, 20:00",Ismaël Baouf,ismael-baouf,SC Cambuur,Excelsior,thuis,basis,1,90,0,0,0,,2026-09-07
1,"vrijdag 7 augustus 2026, 20:00",Rik Mulders,rik-mulders,SC Cambuur,Excelsior,thuis,basis,1,46,0,0,0,,2026-09-07
1,"vrijdag 7 augustus 2026, 20:00",Lucas Jetten,lucas-jetten,SC Cambuur,Excelsior,thuis,basis,1,65,0,0,0,,2026-09-07
1,"vrijdag 7 augustus 2026, 20:00",Nicky Souren,nicky-souren,SC Cambuur,Excelsior,thuis,basis,1,90,0,0,0,,2026-09-07
1,"vrijdag 7 augustus 2026, 20:00",Ryan van de Pavert,ryan-van-de-pavert,SC Cambuur,Excelsior,thuis,basis,1,46,0,0,0,,2026-09-07
1,"vrijdag 7 augustus 2026, 20:00",Iwan Henstra,iwan-henstra,SC Cambuur,Excelsior,thuis,basis,1,90,0,0,0,,2026-09-07
1,"vrijdag 7 augustus 2026, 20:00",Rafik El Arguioui,rafik-el-arguioui,SC Cambuur,Excelsior,thuis,basis,1,90,0,0,0,,2026-09-07
1,"vrijdag 7 augustus 2026, 20:00",Ilyes Hamache,ilyes-hamache,SC Cambuur,Excelsior,thuis,basis,1,90,0,0,0,,2026-09-07
1,"vrijdag 7 augustus 2026, 20:00",Skye Vink,skye-vink,SC Cambuur,Excelsior,thuis,basis,1,81,0,0,0,,2026-09-07
1,"vrijdag 7 augustus 2026, 20:00",R van de Pavert,r-van-de-pavert,SC Cambuur,Excelsior,thuis,bank,0,0,0,,0,,2026-08-26
1,"vrijdag 7 augustus 2026, 20:00",S Vink,s-vink,SC Cambuur,Excelsior,thuis,bank,0,0,0,,0,,2026-09-07
1,"vrijdag 7 augustus 2026, 20:00",Jasper Meijster,jasper-meijster,SC Cambuur,Excelsior,thuis,bank,0,0,0,,0,,2026-09-07
1,"vrijdag 7 augustus 2026, 20:00",Matthijs Kalisvaart,matthijs-kalisvaart,SC Cambuur,Excelsior,thuis,bank,0,0,0,,0,,2026-09-07
1,"vrijdag 7 augustus 2026, 20:00",Jorn Berkhout,jorn-berkhout,SC Cambuur,Excelsior,thuis,bank,0,0,0,,0,,2026-09-07
1,"vrijdag 7 augustus 2026, 20:00",Morgan Costarelli,morgan-costarelli,SC Cambuur,Excelsior,thuis,invaller,0,44,0,0,0,,2026-09-07
1,"vrijdag 7 augustus 2026, 20:00",Ethan Apkakou,ethan-apkakou,SC Cambuur,Excelsior,thuis,invaller,0,25,0,0,0,,2026-09-07
1,"vrijdag 7 augustus 2026, 20:00",Wiebe van der Heide,wiebe-van-der-heide,SC Cambuur,Excelsior,thuis,bank,0,0,0,,0,,2026-09-07
1,"vrijdag 7 augustus 2026, 20:00",Sami Bouhoudane,sami-bouhoudane,SC Cambuur,Excelsior,thuis,invaller,0,44,0,0,0,,2026-09-07
1,"vrijdag 7 augustus 2026, 20:00",Nicolas Binder,nicolas-binder,SC Cambuur,Excelsior,thuis,bank,0,0,0,,0,,2026-09-07
1,"vrijdag 7 augustus 2026, 20:00",F Kvam,f-kvam,SC Cambuur,Excelsior,thuis,bank,0,0,0,,0,,2026-09-07
1,"vrijdag 7 augustus 2026, 20:00",Nicolas Binder,nicolas-binder,SC Cambuur,Excelsior,thuis,afwezig,0,0,0,,0,blessure,2026-08-31
1,"vrijdag 7 augustus 2026, 20:00",Stijn van Gassel,stijn-van-gassel,Excelsior,SC Cambuur,uit,basis,1,90,0,1,3,,2026-09-07
1,"vrijdag 7 augustus 2026, 20:00",Simon Janssen,simon-janssen,Excelsior,SC Cambuur,uit,basis,1,81,0,1,3,,2026-09-07
1,"vrijdag 7 augustus 2026, 20:00",Jan Plug,jan-plug,Excelsior,SC Cambuur,uit,basis,1,90,0,1,3,,2026-09-07
1,"vrijdag 7 augustus 2026, 20:00",Rick Meissen,rick-meissen,Excelsior,SC Cambuur,uit,basis,1,90,0,1,3,,2026-09-07
1,"vrijdag 7 augustus 2026, 20:00",Nolan Martens,nolan-martens,Excelsior,SC Cambuur,uit,basis,1,75,0,1,3,,2026-09-07
1,"vrijdag 7 augustus 2026, 20:00",Daniel van Vianen,daniel-van-vianen,Excelsior,SC Cambuur,uit,basis,1,90,0,1,3,,2026-09-07
1,"vrijdag 7 augustus 2026, 20:00",Lennard Hartjes,lennard-hartjes,Excelsior,SC Cambuur,uit,basis,1,90,0,1,3,,2026-09-07
1,"vrijdag 7 augustus 2026, 20:00",Gyan de Regt,gyan-de-regt,Excelsior,SC Cambuur,uit,basis,1,85,0,1,3,,2026-09-07
1,"vrijdag 7 augustus 2026, 20:00",Noah Naujoks,noah-naujoks,Excelsior,SC Cambuur,uit,basis,1,90,2,1,3,,2026-09-07
1,"vrijdag 7 augustus 2026, 20:00",Irakli Yegoian,irakli-yegoian,Excelsior,SC Cambuur,uit,basis,1,75,1,1,3,,2026-09-07
1,"vrijdag 7 augustus 2026, 20:00",David Garden,david-garden,Excelsior,SC Cambuur,uit,basis,1,74,1,1,3,,2026-09-07
1,"vrijdag 7 augustus 2026, 20:00",Celton Biai,celton-biai,Excelsior,SC Cambuur,uit,bank,0,0,0,,0,,2026-09-07
1,"vrijdag 7 augustus 2026, 20:00",Casper Widell,casper-widell,Excelsior,SC Cambuur,uit,invaller,0,15,0,1,3,,2026-09-07
1,"vrijdag 7 augustus 2026, 20:00",Stan Henderikx,stan-henderikx,Excelsior,SC Cambuur,uit,bank,0,0,0,,0,,2026-08-31
1,"vrijdag 7 augustus 2026, 20:00",Osman Turay,osman-turay,Excelsior,SC Cambuur,uit,invaller,0,9,0,1,3,,2026-09-07
1,"vrijdag 7 augustus 2026, 20:00",Valentin Sulzbacher,valentin-sulzbacher,Excelsior,SC Cambuur,uit,bank,0,0,0,,0,,2026-09-07
1,"vrijdag 7 augustus 2026, 20:00",Y Finey,y-finey,Excelsior,SC Cambuur,uit,bank,0,0,0,,0,,2026-09-07
1,"vrijdag 7 augustus 2026, 20:00",Giulliano Cairo,giulliano-cairo,Excelsior,SC Cambuur,uit,bank,0,0,0,,0,,2026-09-07
1,"vrijdag 7 augustus 2026, 20:00",Aymen Sliti,aymen-sliti,Excelsior,SC Cambuur,uit,invaller,0,15,0,1,3,,2026-09-07
1,"vrijdag 7 augustus 2026, 20:00",Ilano Silva Timas,ilano-silva-timas,Excelsior,SC Cambuur,uit,invaller,0,5,0,1,3,,2026-09-07
1,"vrijdag 7 augustus 2026, 20:00",Nesto Groen,nesto-groen,Excelsior,SC Cambuur,uit,invaller,0,16,0,1,3,,2026-09-07
1,"zondag 9 augustus 2026, 16:45",Bernt Klaverboer,bernt-klaverboer,sc Heerenveen,FC Twente,thuis,basis,1,90,0,1,3,,2026-09-07
1,"zondag 9 augustus 2026, 16:45",Vasilios Zagaritis,vasilios-zagaritis,sc Heerenveen,FC Twente,thuis,basis,1,90,0,1,3,,2026-09-07
1,"zondag 9 augustus 2026, 16:45",Maas Willemsen,maas-willemsen,sc Heerenveen,FC Twente,thuis,basis,1,90,0,1,3,,2026-09-07
1,"zondag 9 augustus 2026, 16:45",Sam Kersten,sam-kersten,sc Heerenveen,FC Twente,thuis,basis,1,83,0,1,3,,2026-09-07
1,"zondag 9 augustus 2026, 16:45",Mats Egbring,mats-egbring,sc Heerenveen,FC Twente,thuis,basis,1,68,0,1,3,,2026-09-07
1,"zondag 9 augustus 2026, 16:45",Dirk Proper,dirk-proper,sc Heerenveen,FC Twente,thuis,basis,1,90,0,1,3,,2026-09-07
1,"zondag 9 augustus 2026, 16:45",Lanroy Machine,lanroy-machine,sc Heerenveen,FC Twente,thuis,basis,1,46,0,1,3,,2026-09-07
1,"zondag 9 augustus 2026, 16:45",Ringo Meerveld,ringo-meerveld,sc Heerenveen,FC Twente,thuis,basis,1,55,0,1,3,,2026-09-07
1,"zondag 9 augustus 2026, 16:45",Marcus Linday,marcus-linday,sc Heerenveen,FC Twente,thuis,basis,1,90,0,1,3,,2026-09-07
1,"zondag 9 augustus 2026, 16:45",Jacob Trenskow,jacob-trenskow,sc Heerenveen,FC Twente,thuis,basis,1,83,0,1,3,,2026-09-07
1,"zondag 9 augustus 2026, 16:45",Dylan Vente,dylan-vente,sc Heerenveen,FC Twente,thuis,basis,1,90,0,1,3,,2026-09-07
1,"zondag 9 augustus 2026, 16:45",T Schreuder,t-schreuder,sc Heerenveen,FC Twente,thuis,bank,0,0,0,,0,,2026-09-07
1,"zondag 9 augustus 2026, 16:45",Andries Noppert,andries-noppert,sc Heerenveen,FC Twente,thuis,bank,0,0,0,,0,,2026-09-07
1,"zondag 9 augustus 2026, 16:45",Nikolai Hopland,nikolai-hopland,sc Heerenveen,FC Twente,thuis,invaller,0,7,0,1,3,,2026-08-31
1,"zondag 9 augustus 2026, 16:45",Darling Bladi,darling-bladi,sc Heerenveen,FC Twente,thuis,invaller,0,7,0,1,3,,2026-09-07
1,"zondag 9 augustus 2026, 16:45",Hristiyan Petrov,hristiyan-petrov,sc Heerenveen,FC Twente,thuis,invaller,0,22,0,1,3,,2026-09-07
1,"zondag 9 augustus 2026, 16:45",Maxence Rivera,maxence-rivera,sc Heerenveen,FC Twente,thuis,bank,0,0,0,,0,,2026-09-07
1,"zondag 9 augustus 2026, 16:45",Luuk Brouwers,luuk-brouwers,sc Heerenveen,FC Twente,thuis,bank,0,0,0,,0,,2026-09-07
1,"zondag 9 augustus 2026, 16:45",Levi Smans,levi-smans,sc Heerenveen,FC Twente,thuis,bank,0,0,0,,0,,2026-09-07
1,"zondag 9 augustus 2026, 16:45",Nolhan Courtens,nolhan-courtens,sc Heerenveen,FC Twente,thuis,invaller,0,35,0,1,3,,2026-09-07
1,"zondag 9 augustus 2026, 16:45",Luca Oyen,luca-oyen,sc Heerenveen,FC Twente,thuis,invaller,0,44,1,1,3,,2026-09-07
1,"zondag 9 augustus 2026, 16:45",Luuk Brouwers,luuk-brouwers,sc Heerenveen,FC Twente,thuis,afwezig,0,0,0,,0,blessure,2026-08-31
1,"zondag 9 augustus 2026, 16:45",Nikolai Søyset Hopland,nikolai-soyset-hopland,sc Heerenveen,FC Twente,thuis,afwezig,0,0,0,,0,blessure,2026-09-07
1,"zondag 9 augustus 2026, 16:45",Lars Unnerstall,lars-unnerstall,FC Twente,sc Heerenveen,uit,basis,1,90,0,0,0,,2026-09-07
1,"zondag 9 augustus 2026, 16:45",Aske Adelgaard,aske-adelgaard,FC Twente,sc Heerenveen,uit,basis,1,77,0,0,0,,2026-09-07
1,"zondag 9 augustus 2026, 16:45",Robin Pröpper,robin-propper,FC Twente,sc Heerenveen,uit,basis,1,90,0,0,0,,2026-09-07
1,"zondag 9 augustus 2026, 16:45",Max Bruns,max-bruns,FC Twente,sc Heerenveen,uit,basis,1,90,0,0,0,,2026-09-07
1,"zondag 9 augustus 2026, 16:45",Bart van Rooij,bart-van-rooij,FC Twente,sc Heerenveen,uit,basis,1,90,0,0,0,,2026-09-07
1,"zondag 9 augustus 2026, 16:45",Thomas van den Belt,thomas-van-den-belt,FC Twente,sc Heerenveen,uit,basis,1,68,0,0,0,,2026-09-07
1,"zondag 9 augustus 2026, 16:45",Ramiz Zerrouki,ramiz-zerrouki,FC Twente,sc Heerenveen,uit,basis,1,77,0,0,0,,2026-09-07
1,"zondag 9 augustus 2026, 16:45",Sondre Ørjasæter,sondre-orjasaeter,FC Twente,sc Heerenveen,uit,basis,1,57,0,0,0,,2026-09-07
1,"zondag 9 augustus 2026, 16:45",Daan Rots,daan-rots,FC Twente,sc Heerenveen,uit,basis,1,90,0,0,0,,2026-09-07
1,"zondag 9 augustus 2026, 16:45",Marko Pjaca,marko-pjaca,FC Twente,sc Heerenveen,uit,basis,1,68,0,0,0,,2026-09-07
1,"zondag 9 augustus 2026, 16:45",Wout Weghorst,wout-weghorst,FC Twente,sc Heerenveen,uit,basis,1,90,0,0,0,,2026-09-07
1,"zondag 9 augustus 2026, 16:45",Sondre Rjaster,sondre-rjaster,FC Twente,sc Heerenveen,uit,bank,0,0,0,,0,,2026-09-07
1,"zondag 9 augustus 2026, 16:45",Joel Drommel,joel-drommel,FC Twente,sc Heerenveen,uit,bank,0,0,0,,0,,2026-09-07
1,"zondag 9 augustus 2026, 16:45",Remko Pasveer,remko-pasveer,FC Twente,sc Heerenveen,uit,bank,0,0,0,,0,,2026-09-07
1,"zondag 9 augustus 2026, 16:45",Guilherme Peixoto,guilherme-peixoto,FC Twente,sc Heerenveen,uit,bank,0,0,0,,0,,2026-08-31
1,"zondag 9 augustus 2026, 16:45",Krzysztof Kurowski,krzysztof-kurowski,FC Twente,sc Heerenveen,uit,bank,0,0,0,,0,,2026-09-07
1,"zondag 9 augustus 2026, 16:45",Ruud Nijstad,ruud-nijstad,FC Twente,sc Heerenveen,uit,bank,0,0,0,,0,,2026-09-07
1,"zondag 9 augustus 2026, 16:45",Mathias Kjl,mathias-kjl,FC Twente,sc Heerenveen,uit,bank,0,0,0,,0,,2026-08-31
1,"zondag 9 augustus 2026, 16:45",Kristian Hlynsson,kristian-hlynsson,FC Twente,sc Heerenveen,uit,invaller,0,13,0,0,0,,2026-09-07
1,"zondag 9 augustus 2026, 16:45",Sam Lammers,sam-lammers,FC Twente,sc Heerenveen,uit,invaller,0,13,0,0,0,,2026-09-07
1,"zondag 9 augustus 2026, 16:45",Younes Taha,younes-taha,FC Twente,sc Heerenveen,uit,invaller,0,33,0,0,0,,2026-09-07
1,"zondag 9 augustus 2026, 16:45",Lucas Vennegoor Of Hesselink,lucas-vennegoor-of-hesselink,FC Twente,sc Heerenveen,uit,invaller,0,22,0,0,0,,2026-09-07
1,"zondag 9 augustus 2026, 16:45",Naci Unuvar,naci-unuvar,FC Twente,sc Heerenveen,uit,bank,0,0,0,,0,,2026-09-07
1,"zondag 9 augustus 2026, 16:45",Ramiz Larbi Zerrouki,ramiz-larbi-zerrouki,FC Twente,sc Heerenveen,uit,afwezig,0,0,0,,0,blessure,2026-08-26
1,"zondag 9 augustus 2026, 16:45",Stav Lemkin,stav-lemkin,FC Twente,sc Heerenveen,uit,afwezig,0,0,0,,0,blessure,2026-09-07
1,"zondag 9 augustus 2026, 16:45",Younes Taha El Idrissi,younes-taha-el-idrissi,FC Twente,sc Heerenveen,uit,afwezig,0,0,0,,0,blessure,2026-08-26
1,"zondag 9 augustus 2026, 12:15",Filip Bednarek,filip-bednarek,Sparta Rotterdam,Feyenoord,thuis,basis,1,90,0,0,0,,2026-09-07
1,"zondag 9 augustus 2026, 12:15",Bas Kuipers,bas-kuipers,Sparta Rotterdam,Feyenoord,thuis,basis,1,90,0,0,0,,2026-09-07
1,"zondag 9 augustus 2026, 12:15",Bruno Martins Indi,bruno-martins-indi,Sparta Rotterdam,Feyenoord,thuis,basis,1,90,0,0,0,,2026-09-07
1,"zondag 9 augustus 2026, 12:15",Nick Verschuren,nick-verschuren,Sparta Rotterdam,Feyenoord,thuis,basis,1,90,0,0,0,,2026-09-07
1,"zondag 9 augustus 2026, 12:15",Lushendry Martes,lushendry-martes,Sparta Rotterdam,Feyenoord,thuis,basis,1,90,0,0,0,,2026-09-07
1,"zondag 9 augustus 2026, 12:15",Jens Toornstra,jens-toornstra,Sparta Rotterdam,Feyenoord,thuis,basis,1,62,0,0,0,,2026-09-07
1,"zondag 9 augustus 2026, 12:15",Marvin Young,marvin-young,Sparta Rotterdam,Feyenoord,thuis,basis,1,90,0,0,0,,2026-09-07
1,"zondag 9 augustus 2026, 12:15",Ayoni Santos,ayoni-santos,Sparta Rotterdam,Feyenoord,thuis,basis,1,77,0,0,0,,2026-09-07
1,"zondag 9 augustus 2026, 12:15",Shunsuke Mito,shunsuke-mito,Sparta Rotterdam,Feyenoord,thuis,basis,1,77,0,0,0,,2026-09-07
1,"zondag 9 augustus 2026, 12:15",Casper Terho,casper-terho,Sparta Rotterdam,Feyenoord,thuis,basis,1,57,0,0,0,,2026-09-07
1,"zondag 9 augustus 2026, 12:15",Nökkvi Thórisson,nokkvi-thorisson,Sparta Rotterdam,Feyenoord,thuis,basis,1,62,0,0,0,,2026-09-07
1,"zondag 9 augustus 2026, 12:15",Lushendry Edward Martes,lushendry-edward-martes,Sparta Rotterdam,Feyenoord,thuis,bank,0,0,0,,0,,2026-09-07
1,"zondag 9 augustus 2026, 12:15",Rik Suur,rik-suur,Sparta Rotterdam,Feyenoord,thuis,bank,0,0,0,,0,,2026-09-07
1,"zondag 9 augustus 2026, 12:15",Boyd Reith,boyd-reith,Sparta Rotterdam,Feyenoord,thuis,bank,0,0,0,,0,,2026-09-07
1,"zondag 9 augustus 2026, 12:15",Teo Quintero,teo-quintero,Sparta Rotterdam,Feyenoord,thuis,bank,0,0,0,,0,,2026-09-07
1,"zondag 9 augustus 2026, 12:15",Giannino Vianello,giannino-vianello,Sparta Rotterdam,Feyenoord,thuis,bank,0,0,0,,0,,2026-09-07
1,"zondag 9 augustus 2026, 12:15",A Roaldsy,a-roaldsy,Sparta Rotterdam,Feyenoord,thuis,bank,0,0,0,,0,,2026-09-07
1,"zondag 9 augustus 2026, 12:15",Robin van Cruijsen,robin-van-cruijsen,Sparta Rotterdam,Feyenoord,thuis,invaller,0,33,0,0,0,,2026-09-07
1,"zondag 9 augustus 2026, 12:15",Younes Jaber El Maftahi,younes-jaber-el-maftahi,Sparta Rotterdam,Feyenoord,thuis,bank,0,0,0,,0,,2026-08-31
1,"zondag 9 augustus 2026, 12:15",Mitchell van Bergen,mitchell-van-bergen,Sparta Rotterdam,Feyenoord,thuis,invaller,0,13,0,0,0,,2026-09-07
1,"zondag 9 augustus 2026, 12:15",Milan Zonneveld,milan-zonneveld,Sparta Rotterdam,Feyenoord,thuis,invaller,0,28,0,0,0,,2026-09-07
1,"zondag 9 augustus 2026, 12:15",Joel Ideho,joel-ideho,Sparta Rotterdam,Feyenoord,thuis,invaller,0,13,0,0,0,,2026-09-07
1,"zondag 9 augustus 2026, 12:15",Tjark Ernst,tjark-ernst,Feyenoord,Sparta Rotterdam,uit,basis,1,90,0,1,3,,2026-09-07
1,"zondag 9 augustus 2026, 12:15",Mika Mármol,mika-marmol,Feyenoord,Sparta Rotterdam,uit,basis,1,90,0,1,3,,2026-09-07
1,"zondag 9 augustus 2026, 12:15",Thijs Kraaijeveld,thijs-kraaijeveld,Feyenoord,Sparta Rotterdam,uit,basis,1,72,0,1,3,,2026-09-07
1,"zondag 9 augustus 2026, 12:15",Jeremiah St. Juste,jeremiah-st-juste,Feyenoord,Sparta Rotterdam,uit,basis,1,90,0,1,3,,2026-09-07
1,"zondag 9 augustus 2026, 12:15",Givairo Read,givairo-read,Feyenoord,Sparta Rotterdam,uit,basis,1,90,0,1,3,,2026-09-07
1,"zondag 9 augustus 2026, 12:15",Charles Vanhoutte,charles-vanhoutte,Feyenoord,Sparta Rotterdam,uit,basis,1,85,0,1,3,,2026-09-07
1,"zondag 9 augustus 2026, 12:15",Gjivai Zechiël,gjivai-zechiel,Feyenoord,Sparta Rotterdam,uit,basis,1,90,0,1,3,,2026-09-07
1,"zondag 9 augustus 2026, 12:15",Gaoussou Diarra,gaoussou-diarra,Feyenoord,Sparta Rotterdam,uit,basis,1,71,0,1,3,,2026-09-07
1,"zondag 9 augustus 2026, 12:15",Luciano Valente,luciano-valente,Feyenoord,Sparta Rotterdam,uit,basis,1,90,1,1,3,,2026-09-07
1,"zondag 9 augustus 2026, 12:15",Anis Hadj Moussa,anis-hadj-moussa,Feyenoord,Sparta Rotterdam,uit,basis,1,82,0,1,3,,2026-09-07
1,"zondag 9 augustus 2026, 12:15",Ayase Ueda,ayase-ueda,Feyenoord,Sparta Rotterdam,uit,basis,1,71,0,1,3,,2026-09-07
1,"zondag 9 augustus 2026, 12:15",Liam Bossin,liam-bossin,Feyenoord,Sparta Rotterdam,uit,bank,0,0,0,,0,,2026-09-07
1,"zondag 9 augustus 2026, 12:15",Mats Deijl,mats-deijl,Feyenoord,Sparta Rotterdam,uit,bank,0,0,0,,0,,2026-09-07
1,"zondag 9 augustus 2026, 12:15",Jordan Lotomba,jordan-lotomba,Feyenoord,Sparta Rotterdam,uit,bank,0,0,0,,0,,2026-08-31
1,"zondag 9 augustus 2026, 12:15",Tijme Wessels,tijme-wessels,Feyenoord,Sparta Rotterdam,uit,invaller,0,18,0,1,3,,2026-09-07
1,"zondag 9 augustus 2026, 12:15",Neraysho Kasanwirjo,neraysho-kasanwirjo,Feyenoord,Sparta Rotterdam,uit,bank,0,0,0,,0,,2026-08-26
1,"zondag 9 augustus 2026, 12:15",Sem Steijn,sem-steijn,Feyenoord,Sparta Rotterdam,uit,bank,0,0,0,,0,,2026-09-07
1,"zondag 9 augustus 2026, 12:15",Tobias van den Elshout,tobias-van-den-elshout,Feyenoord,Sparta Rotterdam,uit,bank,0,0,0,,0,,2026-09-07
1,"zondag 9 augustus 2026, 12:15",Oussama Targhalline,oussama-targhalline,Feyenoord,Sparta Rotterdam,uit,invaller,0,5,0,1,3,,2026-09-07
1,"zondag 9 augustus 2026, 12:15",Goncalo Borges,goncalo-borges,Feyenoord,Sparta Rotterdam,uit,bank,0,0,0,,0,,2026-09-07
1,"zondag 9 augustus 2026, 12:15",Nacho Ferri,nacho-ferri,Feyenoord,Sparta Rotterdam,uit,invaller,0,19,0,1,3,,2026-09-07
1,"zondag 9 augustus 2026, 12:15",Jivayno Zinhagel,jivayno-zinhagel,Feyenoord,Sparta Rotterdam,uit,invaller,0,19,0,1,3,,2026-09-07
1,"zondag 9 augustus 2026, 12:15",Shaqueel van Persie,shaqueel-van-persie,Feyenoord,Sparta Rotterdam,uit,invaller,0,8,0,1,3,,2026-09-07
1,"zondag 9 augustus 2026, 12:15",Jordan Bos,jordan-bos,Feyenoord,Sparta Rotterdam,uit,afwezig,0,0,0,,0,blessure,2026-09-07
1,"zondag 9 augustus 2026, 12:15",Gijs Smal,gijs-smal,Feyenoord,Sparta Rotterdam,uit,afwezig,0,0,0,,0,blessure,2026-09-07
1,"zondag 9 augustus 2026, 12:15",Anel Ahmedhodzic,anel-ahmedhodzic,Feyenoord,Sparta Rotterdam,uit,afwezig,0,0,0,,0,blessure,2026-08-18
2,"zondag 16 augustus 2026, 12:15",Kilian Nikièma,kilian-nikiema,ADO Den Haag,FC Groningen,thuis,basis,1,90,0,0,0,,2026-09-07
2,"zondag 16 augustus 2026, 12:15",Sekou Sylla,sekou-sylla,ADO Den Haag,FC Groningen,thuis,basis,1,90,0,0,0,,2026-09-07
2,"zondag 16 augustus 2026, 12:15",Matteo Waem,matteo-waem,ADO Den Haag,FC Groningen,thuis,basis,1,46,0,0,0,,2026-09-07
2,"zondag 16 augustus 2026, 12:15",Pascal Mulder,pascal-mulder,ADO Den Haag,FC Groningen,thuis,basis,1,78,0,0,0,,2026-09-07
2,"zondag 16 augustus 2026, 12:15",Milan Hokke,milan-hokke,ADO Den Haag,FC Groningen,thuis,basis,1,90,0,0,0,,2026-09-07
2,"zondag 16 augustus 2026, 12:15",Illaijh de Ruijter,illaijh-de-ruijter,ADO Den Haag,FC Groningen,thuis,basis,1,90,0,0,0,,2026-09-07
2,"zondag 16 augustus 2026, 12:15",Juho Kilo,juho-kilo,ADO Den Haag,FC Groningen,thuis,basis,1,90,0,0,0,,2026-09-07
2,"zondag 16 augustus 2026, 12:15",Jan Zamburek,jan-zamburek,ADO Den Haag,FC Groningen,thuis,basis,1,46,0,0,0,,2026-09-07
2,"zondag 16 augustus 2026, 12:15",Daryl van Mieghem,daryl-van-mieghem,ADO Den Haag,FC Groningen,thuis,basis,1,90,0,0,0,,2026-09-07
2,"zondag 16 augustus 2026, 12:15",Yannick Eduardo,yannick-eduardo,ADO Den Haag,FC Groningen,thuis,basis,1,59,1,0,0,,2026-09-07
2,"zondag 16 augustus 2026, 12:15",Jesse Bal,jesse-bal,ADO Den Haag,FC Groningen,thuis,basis,1,69,0,0,0,,2026-09-07
2,"zondag 16 augustus 2026, 12:15",Sem Eekhout,sem-eekhout,ADO Den Haag,FC Groningen,thuis,bank,0,0,0,,0,,2026-09-07
2,"zondag 16 augustus 2026, 12:15",Niclas Thiede,niclas-thiede,ADO Den Haag,FC Groningen,thuis,bank,0,0,0,,0,,2026-09-07
2,"zondag 16 augustus 2026, 12:15",Othniel Raterink,othniel-raterink,ADO Den Haag,FC Groningen,thuis,invaller,0,44,0,0,0,,2026-09-07
2,"zondag 16 augustus 2026, 12:15",Lasse Wilhelm,lasse-wilhelm,ADO Den Haag,FC Groningen,thuis,invaller,0,12,0,0,0,,2026-09-07
2,"zondag 16 augustus 2026, 12:15",Mylian Jimenez,mylian-jimenez,ADO Den Haag,FC Groningen,thuis,bank,0,0,0,,0,,2026-09-07
2,"zondag 16 augustus 2026, 12:15",Finn de Bruin,finn-de-bruin,ADO Den Haag,FC Groningen,thuis,invaller,0,44,0,0,0,,2026-09-07
2,"zondag 16 augustus 2026, 12:15",Dani van Loenen,dani-van-loenen,ADO Den Haag,FC Groningen,thuis,bank,0,0,0,,0,,2026-09-07
2,"zondag 16 augustus 2026, 12:15",Evan Rottier,evan-rottier,ADO Den Haag,FC Groningen,thuis,invaller,0,21,0,0,0,,2026-09-07
2,"zondag 16 augustus 2026, 12:15",Luka Reischl,luka-reischl,ADO Den Haag,FC Groningen,thuis,invaller,0,31,0,0,0,,2026-09-07
2,"zondag 16 augustus 2026, 12:15",Nigel Thomas,nigel-thomas,ADO Den Haag,FC Groningen,thuis,bank,0,0,0,,0,,2026-09-07
2,"zondag 16 augustus 2026, 12:15",Jalen Hawkins,jalen-hawkins,ADO Den Haag,FC Groningen,thuis,afwezig,0,0,0,,0,blessure,2026-08-24
2,"zondag 16 augustus 2026, 12:15",Cameron Peupion,cameron-peupion,ADO Den Haag,FC Groningen,thuis,afwezig,0,0,0,,0,blessure,2026-09-07
2,"zondag 16 augustus 2026, 12:15",Etienne Vaessen,etienne-vaessen,FC Groningen,ADO Den Haag,uit,basis,1,90,0,0,3,,2026-09-07
2,"zondag 16 augustus 2026, 12:15",Wouter Prins,wouter-prins,FC Groningen,ADO Den Haag,uit,basis,1,87,0,0,3,,2026-09-07
2,"zondag 16 augustus 2026, 12:15",Elvis van der Laan,elvis-van-der-laan,FC Groningen,ADO Den Haag,uit,basis,1,59,0,0,3,,2026-09-07
2,"zondag 16 augustus 2026, 12:15",Thijmen Blokzijl,thijmen-blokzijl,FC Groningen,ADO Den Haag,uit,basis,1,90,0,0,3,,2026-09-07
2,"zondag 16 augustus 2026, 12:15",Jorg Schreuders,jorg-schreuders,FC Groningen,ADO Den Haag,uit,basis,1,90,0,0,3,,2026-09-07
2,"zondag 16 augustus 2026, 12:15",Tygo Land,tygo-land,FC Groningen,ADO Den Haag,uit,basis,1,87,0,0,3,,2026-09-07
2,"zondag 16 augustus 2026, 12:15",Tika de Jonge,tika-de-jonge,FC Groningen,ADO Den Haag,uit,basis,1,87,0,0,3,,2026-09-07
2,"zondag 16 augustus 2026, 12:15",Pelle Clement,pelle-clement,FC Groningen,ADO Den Haag,uit,basis,1,90,0,0,3,,2026-09-07
2,"zondag 16 augustus 2026, 12:15",Thom van Bergen,thom-van-bergen,FC Groningen,ADO Den Haag,uit,basis,1,90,1,0,3,,2026-09-07
2,"zondag 16 augustus 2026, 12:15",David van der Werff,david-van-der-werff,FC Groningen,ADO Den Haag,uit,basis,1,90,1,0,3,,2026-09-07
2,"zondag 16 augustus 2026, 12:15",Brynjólfur Willumsson,brynjolfur-willumsson,FC Groningen,ADO Den Haag,uit,basis,1,80,1,0,3,,2026-09-07
2,"zondag 16 augustus 2026, 12:15",Lovro Stubljar,lovro-stubljar,FC Groningen,ADO Den Haag,uit,bank,0,0,0,,0,,2026-09-07
2,"zondag 16 augustus 2026, 12:15",Rijk Janse,rijk-janse,FC Groningen,ADO Den Haag,uit,bank,0,0,0,,0,,2026-09-07
2,"zondag 16 augustus 2026, 12:15",Mark Csinger,mark-csinger,FC Groningen,ADO Den Haag,uit,invaller,0,31,0,0,3,,2026-09-07
2,"zondag 16 augustus 2026, 12:15",Nikolas Brandis,nikolas-brandis,FC Groningen,ADO Den Haag,uit,invaller,0,3,0,0,3,,2026-09-07
2,"zondag 16 augustus 2026, 12:15",Travis Hernes,travis-hernes,FC Groningen,ADO Den Haag,uit,invaller,0,3,0,0,3,,2026-09-07
2,"zondag 16 augustus 2026, 12:15",Alvin Nordin,alvin-nordin,FC Groningen,ADO Den Haag,uit,bank,0,0,0,,0,,2026-09-07
2,"zondag 16 augustus 2026, 12:15",Jacob Ondrejka,jacob-ondrejka,FC Groningen,ADO Den Haag,uit,invaller,0,3,0,0,3,,2026-09-07
2,"zondag 16 augustus 2026, 12:15",Nils Eggens,nils-eggens,FC Groningen,ADO Den Haag,uit,invaller,0,10,1,0,3,,2026-09-07
2,"zondag 16 augustus 2026, 12:15",Malcolm John Matarr Jeng,malcolm-john-matarr-jeng,FC Groningen,ADO Den Haag,uit,afwezig,0,0,0,,0,blessure,2026-09-07
2,"zondag 16 augustus 2026, 12:15",Stije Resink,stije-resink,FC Groningen,ADO Den Haag,uit,afwezig,0,0,0,,0,blessure,2026-08-18
2,"zondag 16 augustus 2026, 12:15",Ryan Metu,ryan-metu,FC Groningen,ADO Den Haag,uit,afwezig,0,0,0,,0,blessure,2026-09-07
2,"zondag 16 augustus 2026, 12:15",Oskar Zawada,oskar-zawada,FC Groningen,ADO Den Haag,uit,afwezig,0,0,0,,0,blessure,2026-08-18
2,"zondag 16 augustus 2026, 12:15",Tyrique Mercera,tyrique-mercera,FC Groningen,ADO Den Haag,uit,afwezig,0,0,0,,0,blessure,2026-09-07
2,"zondag 16 augustus 2026, 12:15",Marco Rente,marco-rente,FC Groningen,ADO Den Haag,uit,afwezig,0,0,0,,0,blessure,2026-08-24
2,"zondag 16 augustus 2026, 16:45",Marc ter Stegen,marc-ter-stegen,Ajax,sc Heerenveen,thuis,basis,1,90,0,0,1,,2026-09-07
2,"zondag 16 augustus 2026, 16:45",Caio Henrique,caio-henrique,Ajax,sc Heerenveen,thuis,basis,1,90,0,0,1,,2026-09-07
2,"zondag 16 augustus 2026, 16:45",Youri Baas,youri-baas,Ajax,sc Heerenveen,thuis,basis,1,90,0,0,1,,2026-09-07
2,"zondag 16 augustus 2026, 16:45",Aaron Bouwman,aaron-bouwman,Ajax,sc Heerenveen,thuis,basis,1,90,0,0,1,,2026-09-07
2,"zondag 16 augustus 2026, 16:45",Lucas Rosa,lucas-rosa,Ajax,sc Heerenveen,thuis,basis,1,90,0,0,1,,2026-09-07
2,"zondag 16 augustus 2026, 16:45",Youri Regeer,youri-regeer,Ajax,sc Heerenveen,thuis,basis,1,90,0,0,1,,2026-09-07
2,"zondag 16 augustus 2026, 16:45",Davy Klaassen,davy-klaassen,Ajax,sc Heerenveen,thuis,basis,1,73,0,0,1,,2026-09-07
2,"zondag 16 augustus 2026, 16:45",Abdellah Ouazane,abdellah-ouazane,Ajax,sc Heerenveen,thuis,basis,1,87,1,0,1,,2026-09-07
2,"zondag 16 augustus 2026, 16:45",Oscar Gloukh,oscar-gloukh,Ajax,sc Heerenveen,thuis,basis,1,65,0,0,1,,2026-09-07
2,"zondag 16 augustus 2026, 16:45",Steven Berghuis,steven-berghuis,Ajax,sc Heerenveen,thuis,basis,1,86,0,0,1,,2026-09-07
2,"zondag 16 augustus 2026, 16:45",Kasper Dolberg,kasper-dolberg,Ajax,sc Heerenveen,thuis,basis,1,65,0,0,1,,2026-09-07
2,"zondag 16 augustus 2026, 16:45",Joeri Heerkens,joeri-heerkens,Ajax,sc Heerenveen,thuis,bank,0,0,0,,0,,2026-09-07
2,"zondag 16 augustus 2026, 16:45",Maarten Paes,maarten-paes,Ajax,sc Heerenveen,thuis,bank,0,0,0,,0,,2026-09-07
2,"zondag 16 augustus 2026, 16:45",Anton Gaaei,anton-gaaei,Ajax,sc Heerenveen,thuis,bank,0,0,0,,0,,2026-09-07
2,"zondag 16 augustus 2026, 16:45",Ko Itakura,ko-itakura,Ajax,sc Heerenveen,thuis,bank,0,0,0,,0,,2026-08-18
2,"zondag 16 augustus 2026, 16:45",Owen Wijndal,owen-wijndal,Ajax,sc Heerenveen,thuis,bank,0,0,0,,0,,2026-09-07
2,"zondag 16 augustus 2026, 16:45",Dies Janse,dies-janse,Ajax,sc Heerenveen,thuis,bank,0,0,0,,0,,2026-09-07
2,"zondag 16 augustus 2026, 16:45",Julian Brandt,julian-brandt,Ajax,sc Heerenveen,thuis,invaller,0,25,0,0,1,,2026-09-07
2,"zondag 16 augustus 2026, 16:45",Jorthy Mokio,jorthy-mokio,Ajax,sc Heerenveen,thuis,invaller,0,17,0,0,1,,2026-09-07
2,"zondag 16 augustus 2026, 16:45",Maher Carrizo,maher-carrizo,Ajax,sc Heerenveen,thuis,bank,0,0,0,,0,,2026-08-31
2,"zondag 16 augustus 2026, 16:45",Oliver Edvardsen,oliver-edvardsen,Ajax,sc Heerenveen,thuis,invaller,0,4,0,0,1,,2026-09-07
2,"zondag 16 augustus 2026, 16:45",Marcos Leonardo,marcos-leonardo,Ajax,sc Heerenveen,thuis,invaller,0,25,0,0,1,,2026-09-07
2,"zondag 16 augustus 2026, 16:45",Tolu Arokodare,tolu-arokodare,Ajax,sc Heerenveen,thuis,invaller,0,3,0,0,1,,2026-09-07
2,"zondag 16 augustus 2026, 16:45",Ko Itakura,ko-itakura,Ajax,sc Heerenveen,thuis,afwezig,0,0,0,,0,blessure,2026-08-18
2,"zondag 16 augustus 2026, 16:45",Ahmetcan Kaplan,ahmetcan-kaplan,Ajax,sc Heerenveen,thuis,afwezig,0,0,0,,0,blessure,2026-08-18
2,"zondag 16 augustus 2026, 16:45",Josip Šutalo,josip-sutalo,Ajax,sc Heerenveen,thuis,afwezig,0,0,0,,0,blessure,2026-08-18
2,"zondag 16 augustus 2026, 16:45",Daley Blind,daley-blind,Ajax,sc Heerenveen,thuis,afwezig,0,0,0,,0,blessure,2026-09-07
2,"zondag 16 augustus 2026, 16:45",Steven Berghuis,steven-berghuis,Ajax,sc Heerenveen,thuis,afwezig,0,0,0,,0,schorsing,2026-08-31
2,"zondag 16 augustus 2026, 16:45",Bernt Klaverboer,bernt-klaverboer,sc Heerenveen,Ajax,uit,basis,1,90,0,0,1,,2026-09-07
2,"zondag 16 augustus 2026, 16:45",Vasilios Zagaritis,vasilios-zagaritis,sc Heerenveen,Ajax,uit,basis,1,90,0,0,1,,2026-09-07
2,"zondag 16 augustus 2026, 16:45",Maas Willemsen,maas-willemsen,sc Heerenveen,Ajax,uit,basis,1,90,0,0,1,,2026-09-07
2,"zondag 16 augustus 2026, 16:45",Sam Kersten,sam-kersten,sc Heerenveen,Ajax,uit,basis,1,90,0,0,1,,2026-09-07
2,"zondag 16 augustus 2026, 16:45",Oliver Braude,oliver-braude,sc Heerenveen,Ajax,uit,basis,1,87,0,0,1,,2026-09-07
2,"zondag 16 augustus 2026, 16:45",Dirk Proper,dirk-proper,sc Heerenveen,Ajax,uit,basis,1,90,0,0,1,,2026-09-07
2,"zondag 16 augustus 2026, 16:45",Marcus Linday,marcus-linday,sc Heerenveen,Ajax,uit,basis,1,90,0,0,1,,2026-09-07
2,"zondag 16 augustus 2026, 16:45",Luca Oyen,luca-oyen,sc Heerenveen,Ajax,uit,basis,1,58,0,0,1,,2026-09-07
2,"zondag 16 augustus 2026, 16:45",Ringo Meerveld,ringo-meerveld,sc Heerenveen,Ajax,uit,basis,1,73,0,0,1,,2026-09-07
2,"zondag 16 augustus 2026, 16:45",Jacob Trenskow,jacob-trenskow,sc Heerenveen,Ajax,uit,basis,1,90,1,0,1,,2026-09-07
2,"zondag 16 augustus 2026, 16:45",Dylan Vente,dylan-vente,sc Heerenveen,Ajax,uit,basis,1,90,0,0,1,,2026-09-07
2,"zondag 16 augustus 2026, 16:45",T Schreuder,t-schreuder,sc Heerenveen,Ajax,uit,bank,0,0,0,,0,,2026-09-07
2,"zondag 16 augustus 2026, 16:45",Andries Noppert,andries-noppert,sc Heerenveen,Ajax,uit,bank,0,0,0,,0,,2026-09-07
2,"zondag 16 augustus 2026, 16:45",Nikolai Hopland,nikolai-hopland,sc Heerenveen,Ajax,uit,bank,0,0,0,,0,,2026-08-31
2,"zondag 16 augustus 2026, 16:45",Darling Bladi,darling-bladi,sc Heerenveen,Ajax,uit,bank,0,0,0,,0,,2026-09-07
2,"zondag 16 augustus 2026, 16:45",Hristiyan Petrov,hristiyan-petrov,sc Heerenveen,Ajax,uit,invaller,0,3,0,0,1,,2026-09-07
2,"zondag 16 augustus 2026, 16:45",Maxence Rivera,maxence-rivera,sc Heerenveen,Ajax,uit,invaller,0,32,1,0,1,,2026-09-07
2,"zondag 16 augustus 2026, 16:45",Luuk Brouwers,luuk-brouwers,sc Heerenveen,Ajax,uit,bank,0,0,0,,0,,2026-09-07
2,"zondag 16 augustus 2026, 16:45",Levi Smans,levi-smans,sc Heerenveen,Ajax,uit,bank,0,0,0,,0,,2026-09-07
2,"zondag 16 augustus 2026, 16:45",Nolhan Courtens,nolhan-courtens,sc Heerenveen,Ajax,uit,bank,0,0,0,,0,,2026-09-07
2,"zondag 16 augustus 2026, 16:45",Lanroy Machine,lanroy-machine,sc Heerenveen,Ajax,uit,invaller,0,17,0,0,1,,2026-09-07
2,"zondag 16 augustus 2026, 16:45",Luuk Brouwers,luuk-brouwers,sc Heerenveen,Ajax,uit,afwezig,0,0,0,,0,blessure,2026-08-31
2,"zondag 16 augustus 2026, 16:45",Nikolai Søyset Hopland,nikolai-soyset-hopland,sc Heerenveen,Ajax,uit,afwezig,0,0,0,,0,blessure,2026-09-07
2,"zondag 16 augustus 2026, 16:45",Mats Egbring,mats-egbring,sc Heerenveen,Ajax,uit,afwezig,0,0,0,,0,blessure,2026-09-07
2,"zaterdag 15 augustus 2026, 20:00",Stijn van Gassel,stijn-van-gassel,Excelsior,PSV,thuis,basis,1,90,0,0,0,,2026-09-07
2,"zaterdag 15 augustus 2026, 20:00",Simon Janssen,simon-janssen,Excelsior,PSV,thuis,basis,1,80,0,0,0,,2026-09-07
2,"zaterdag 15 augustus 2026, 20:00",Jan Plug,jan-plug,Excelsior,PSV,thuis,basis,1,90,0,0,0,,2026-09-07
2,"zaterdag 15 augustus 2026, 20:00",Casper Widell,casper-widell,Excelsior,PSV,thuis,basis,1,90,1,0,0,,2026-09-07
2,"zaterdag 15 augustus 2026, 20:00",Rick Meissen,rick-meissen,Excelsior,PSV,thuis,basis,1,90,0,0,0,,2026-09-07
2,"zaterdag 15 augustus 2026, 20:00",Daniel van Vianen,daniel-van-vianen,Excelsior,PSV,thuis,basis,1,80,0,0,0,,2026-09-07
2,"zaterdag 15 augustus 2026, 20:00",Lennard Hartjes,lennard-hartjes,Excelsior,PSV,thuis,basis,1,74,0,0,0,,2026-09-07
2,"zaterdag 15 augustus 2026, 20:00",Irakli Yegoian,irakli-yegoian,Excelsior,PSV,thuis,basis,1,90,0,0,0,,2026-09-07
2,"zaterdag 15 augustus 2026, 20:00",Ilano Silva Timas,ilano-silva-timas,Excelsior,PSV,thuis,basis,1,46,0,0,0,,2026-09-07
2,"zaterdag 15 augustus 2026, 20:00",David Garden,david-garden,Excelsior,PSV,thuis,basis,1,68,0,0,0,,2026-09-07
2,"zaterdag 15 augustus 2026, 20:00",Aymen Sliti,aymen-sliti,Excelsior,PSV,thuis,basis,1,46,0,0,0,,2026-09-07
2,"zaterdag 15 augustus 2026, 20:00",Celton Biai,celton-biai,Excelsior,PSV,thuis,bank,0,0,0,,0,,2026-09-07
2,"zaterdag 15 augustus 2026, 20:00",Stan Henderikx,stan-henderikx,Excelsior,PSV,thuis,bank,0,0,0,,0,,2026-08-31
2,"zaterdag 15 augustus 2026, 20:00",Nolan Martens,nolan-martens,Excelsior,PSV,thuis,invaller,0,44,0,0,0,,2026-08-31
2,"zaterdag 15 augustus 2026, 20:00",Osman Turay,osman-turay,Excelsior,PSV,thuis,invaller,0,44,0,0,0,,2026-09-07
2,"zaterdag 15 augustus 2026, 20:00",Valentin Sulzbacher,valentin-sulzbacher,Excelsior,PSV,thuis,bank,0,0,0,,0,,2026-09-07
2,"zaterdag 15 augustus 2026, 20:00",Y Finey,y-finey,Excelsior,PSV,thuis,bank,0,0,0,,0,,2026-09-07
2,"zaterdag 15 augustus 2026, 20:00",Giulliano Cairo,giulliano-cairo,Excelsior,PSV,thuis,bank,0,0,0,,0,,2026-09-07
2,"zaterdag 15 augustus 2026, 20:00",Mario Dominguez,mario-dominguez,Excelsior,PSV,thuis,invaller,0,10,0,0,0,,2026-09-07
2,"zaterdag 15 augustus 2026, 20:00",Nesto Groen,nesto-groen,Excelsior,PSV,thuis,invaller,0,22,0,0,0,,2026-09-07
2,"zaterdag 15 augustus 2026, 20:00",Alireza Jahanbakhsh,alireza-jahanbakhsh,Excelsior,PSV,thuis,invaller,0,16,0,0,0,,2026-09-07
2,"zaterdag 15 augustus 2026, 20:00",Noah Naujoks,noah-naujoks,Excelsior,PSV,thuis,afwezig,0,0,0,,0,blessure,2026-09-07
2,"zaterdag 15 augustus 2026, 20:00",Matej Kovar,matej-kovar,PSV,Excelsior,uit,basis,1,90,0,0,3,,2026-09-07
2,"zaterdag 15 augustus 2026, 20:00",Mauro Júnior,mauro-junior,PSV,Excelsior,uit,basis,1,90,0,0,3,,2026-09-07
2,"zaterdag 15 augustus 2026, 20:00",Armando Obispo,armando-obispo,PSV,Excelsior,uit,basis,1,90,0,0,3,,2026-09-07
2,"zaterdag 15 augustus 2026, 20:00",Ryan Flamingo,ryan-flamingo,PSV,Excelsior,uit,basis,1,90,0,0,3,,2026-09-07
2,"zaterdag 15 augustus 2026, 20:00",Sergiño Dest,sergino-dest,PSV,Excelsior,uit,basis,1,89,0,0,3,,2026-09-07
2,"zaterdag 15 augustus 2026, 20:00",Paul Wanner,paul-wanner,PSV,Excelsior,uit,basis,1,63,0,0,3,,2026-09-07
2,"zaterdag 15 augustus 2026, 20:00",Joey Veerman,joey-veerman,PSV,Excelsior,uit,basis,1,90,0,0,3,,2026-09-07
2,"zaterdag 15 augustus 2026, 20:00",Guus Til,guus-til,PSV,Excelsior,uit,basis,1,90,0,0,3,,2026-09-07
2,"zaterdag 15 augustus 2026, 20:00",Ruben van Bommel,ruben-van-bommel,PSV,Excelsior,uit,basis,1,63,1,0,3,,2026-09-07
2,"zaterdag 15 augustus 2026, 20:00",Ricardo Pepi,ricardo-pepi,PSV,Excelsior,uit,basis,1,84,1,0,3,,2026-09-07
2,"zaterdag 15 augustus 2026, 20:00",Ivan Perisic,ivan-perisic,PSV,Excelsior,uit,basis,1,72,0,0,3,,2026-09-07
2,"zaterdag 15 augustus 2026, 20:00",Nick Olij,nick-olij,PSV,Excelsior,uit,bank,0,0,0,,0,,2026-09-07
2,"zaterdag 15 augustus 2026, 20:00",Yarek Gasiorowski,yarek-gasiorowski,PSV,Excelsior,uit,bank,0,0,0,,0,,2026-09-07
2,"zaterdag 15 augustus 2026, 20:00",Kiliann Sildillia,kiliann-sildillia,PSV,Excelsior,uit,invaller,0,1,0,0,3,,2026-09-07
2,"zaterdag 15 augustus 2026, 20:00",Fabian Merien,fabian-merien,PSV,Excelsior,uit,bank,0,0,0,,0,,2026-09-07
2,"zaterdag 15 augustus 2026, 20:00",Sven Mijnans,sven-mijnans,PSV,Excelsior,uit,invaller,0,6,0,0,3,,2026-09-07
2,"zaterdag 15 augustus 2026, 20:00",Kodai Sano,kodai-sano,PSV,Excelsior,uit,invaller,0,27,0,0,3,,2026-09-07
2,"zaterdag 15 augustus 2026, 20:00",Esmir Bajraktarevic,esmir-bajraktarevic,PSV,Excelsior,uit,bank,0,0,0,,0,,2026-09-07
2,"zaterdag 15 augustus 2026, 20:00",Dennis Man,dennis-man,PSV,Excelsior,uit,invaller,0,18,0,0,3,,2026-09-07
2,"zaterdag 15 augustus 2026, 20:00",Amir Bouhamdi,amir-bouhamdi,PSV,Excelsior,uit,invaller,0,27,0,0,3,,2026-09-07
2,"zaterdag 15 augustus 2026, 20:00",Jerdy Schouten,jerdy-schouten,PSV,Excelsior,uit,afwezig,0,0,0,,0,blessure,2026-09-07
2,"zaterdag 15 augustus 2026, 20:00",Couhaib Driouech,couhaib-driouech,PSV,Excelsior,uit,afwezig,0,0,0,,0,blessure,2026-08-18
2,"zaterdag 15 augustus 2026, 20:00",Filip Kostić,filip-kostic,PSV,Excelsior,uit,afwezig,0,0,0,,0,blessure,2026-08-18
2,"zaterdag 15 augustus 2026, 20:00",Noah Fernandez,noah-fernandez,PSV,Excelsior,uit,afwezig,0,0,0,,0,blessure,2026-08-18
2,"zaterdag 15 augustus 2026, 20:00",Alassane Pléa,alassane-plea,PSV,Excelsior,uit,afwezig,0,0,0,,0,blessure,2026-09-07
2,"zondag 16 augustus 2026, 14:30",Lars Unnerstall,lars-unnerstall,FC Twente,PEC Zwolle,thuis,basis,1,90,0,0,3,,2026-09-07
2,"zondag 16 augustus 2026, 14:30",Aske Adelgaard,aske-adelgaard,FC Twente,PEC Zwolle,thuis,basis,1,90,0,0,3,,2026-09-07
2,"zondag 16 augustus 2026, 14:30",Ruud Nijstad,ruud-nijstad,FC Twente,PEC Zwolle,thuis,basis,1,90,0,0,3,,2026-09-07
2,"zondag 16 augustus 2026, 14:30",Robin Pröpper,robin-propper,FC Twente,PEC Zwolle,thuis,basis,1,90,0,0,3,,2026-09-07
2,"zondag 16 augustus 2026, 14:30",Bart van Rooij,bart-van-rooij,FC Twente,PEC Zwolle,thuis,basis,1,69,0,0,3,,2026-09-07
2,"zondag 16 augustus 2026, 14:30",Daouda Weidmann,daouda-weidmann,FC Twente,PEC Zwolle,thuis,basis,1,80,1,0,3,,2026-09-07
2,"zondag 16 augustus 2026, 14:30",Ramiz Zerrouki,ramiz-zerrouki,FC Twente,PEC Zwolle,thuis,basis,1,90,0,0,3,,2026-09-07
2,"zondag 16 augustus 2026, 14:30",Sondre Ørjasæter,sondre-orjasaeter,FC Twente,PEC Zwolle,thuis,basis,1,80,0,0,3,,2026-09-07
2,"zondag 16 augustus 2026, 14:30",Daan Rots,daan-rots,FC Twente,PEC Zwolle,thuis,basis,1,90,1,0,3,,2026-09-07
2,"zondag 16 augustus 2026, 14:30",Marko Pjaca,marko-pjaca,FC Twente,PEC Zwolle,thuis,basis,1,69,0,0,3,,2026-09-07
2,"zondag 16 augustus 2026, 14:30",Wout Weghorst,wout-weghorst,FC Twente,PEC Zwolle,thuis,basis,1,82,0,0,3,,2026-09-07
2,"zondag 16 augustus 2026, 14:30",Sondre Rjaster,sondre-rjaster,FC Twente,PEC Zwolle,thuis,bank,0,0,0,,0,,2026-09-07
2,"zondag 16 augustus 2026, 14:30",Joel Drommel,joel-drommel,FC Twente,PEC Zwolle,thuis,bank,0,0,0,,0,,2026-09-07
2,"zondag 16 augustus 2026, 14:30",Remko Pasveer,remko-pasveer,FC Twente,PEC Zwolle,thuis,bank,0,0,0,,0,,2026-09-07
2,"zondag 16 augustus 2026, 14:30",Guilherme Peixoto,guilherme-peixoto,FC Twente,PEC Zwolle,thuis,invaller,0,21,0,0,3,,2026-08-31
2,"zondag 16 augustus 2026, 14:30",Krzysztof Kurowski,krzysztof-kurowski,FC Twente,PEC Zwolle,thuis,bank,0,0,0,,0,,2026-09-07
2,"zondag 16 augustus 2026, 14:30",Mathias Kjl,mathias-kjl,FC Twente,PEC Zwolle,thuis,bank,0,0,0,,0,,2026-08-31
2,"zondag 16 augustus 2026, 14:30",Kristian Hlynsson,kristian-hlynsson,FC Twente,PEC Zwolle,thuis,invaller,0,21,0,0,3,,2026-09-07
2,"zondag 16 augustus 2026, 14:30",Thomas van den Belt,thomas-van-den-belt,FC Twente,PEC Zwolle,thuis,invaller,0,10,0,0,3,,2026-09-07
2,"zondag 16 augustus 2026, 14:30",Sam Lammers,sam-lammers,FC Twente,PEC Zwolle,thuis,invaller,0,8,0,0,3,,2026-09-07
2,"zondag 16 augustus 2026, 14:30",Filip Thorvaldsen,filip-thorvaldsen,FC Twente,PEC Zwolle,thuis,invaller,0,10,0,0,3,,2026-09-07
2,"zondag 16 augustus 2026, 14:30",Younes Taha,younes-taha,FC Twente,PEC Zwolle,thuis,bank,0,0,0,,0,,2026-09-07
2,"zondag 16 augustus 2026, 14:30",Lucas Vennegoor Of Hesselink,lucas-vennegoor-of-hesselink,FC Twente,PEC Zwolle,thuis,bank,0,0,0,,0,,2026-09-07
2,"zondag 16 augustus 2026, 14:30",Naci Unuvar,naci-unuvar,FC Twente,PEC Zwolle,thuis,bank,0,0,0,,0,,2026-09-07
2,"zondag 16 augustus 2026, 14:30",Ramiz Larbi Zerrouki,ramiz-larbi-zerrouki,FC Twente,PEC Zwolle,thuis,afwezig,0,0,0,,0,blessure,2026-08-26
2,"zondag 16 augustus 2026, 14:30",Stav Lemkin,stav-lemkin,FC Twente,PEC Zwolle,thuis,afwezig,0,0,0,,0,blessure,2026-09-07
2,"zondag 16 augustus 2026, 14:30",Younes Taha El Idrissi,younes-taha-el-idrissi,FC Twente,PEC Zwolle,thuis,afwezig,0,0,0,,0,blessure,2026-08-26
2,"zondag 16 augustus 2026, 14:30",Aske Adelgaard,aske-adelgaard,FC Twente,PEC Zwolle,thuis,afwezig,0,0,0,,0,blessure,2026-08-18
2,"zondag 16 augustus 2026, 14:30",Jasper Schendelaar,jasper-schendelaar,PEC Zwolle,FC Twente,uit,basis,1,90,0,0,0,,2026-09-07
2,"zondag 16 augustus 2026, 14:30",Damian van der Haar,damian-van-der-haar,PEC Zwolle,FC Twente,uit,basis,1,84,0,0,0,,2026-09-07
2,"zondag 16 augustus 2026, 14:30",Nick Viergever,nick-viergever,PEC Zwolle,FC Twente,uit,basis,1,90,0,0,0,,2026-09-07
2,"zondag 16 augustus 2026, 14:30",Simon Graves,simon-graves,PEC Zwolle,FC Twente,uit,basis,1,90,0,0,0,,2026-09-07
2,"zondag 16 augustus 2026, 14:30",Olivier Aertssen,olivier-aertssen,PEC Zwolle,FC Twente,uit,basis,1,90,0,0,0,,2026-09-07
2,"zondag 16 augustus 2026, 14:30",Tobias Sommer,tobias-sommer,PEC Zwolle,FC Twente,uit,basis,1,90,0,0,0,,2026-09-07
2,"zondag 16 augustus 2026, 14:30",Ryan Thomas,ryan-thomas,PEC Zwolle,FC Twente,uit,basis,1,78,0,0,0,,2026-09-07
2,"zondag 16 augustus 2026, 14:30",Elias Sørensen,elias-sorensen,PEC Zwolle,FC Twente,uit,basis,1,66,0,0,0,,2026-09-07
2,"zondag 16 augustus 2026, 14:30",Thijs Oosting,thijs-oosting,PEC Zwolle,FC Twente,uit,basis,1,65,0,0,0,,2026-09-07
2,"zondag 16 augustus 2026, 14:30",Dylan Mbayo,dylan-mbayo,PEC Zwolle,FC Twente,uit,basis,1,66,0,0,0,,2026-09-07
2,"zondag 16 augustus 2026, 14:30",Koen Kostons,koen-kostons,PEC Zwolle,FC Twente,uit,basis,1,90,0,0,0,,2026-09-07
2,"zondag 16 augustus 2026, 14:30",T Sommer,t-sommer,PEC Zwolle,FC Twente,uit,bank,0,0,0,,0,,2026-09-07
2,"zondag 16 augustus 2026, 14:30",Elias Srensen,elias-srensen,PEC Zwolle,FC Twente,uit,bank,0,0,0,,0,,2026-09-07
2,"zondag 16 augustus 2026, 14:30",Tom de Graaff,tom-de-graaff,PEC Zwolle,FC Twente,uit,bank,0,0,0,,0,,2026-09-07
2,"zondag 16 augustus 2026, 14:30",Duke Verduin,duke-verduin,PEC Zwolle,FC Twente,uit,bank,0,0,0,,0,,2026-09-07
2,"zondag 16 augustus 2026, 14:30",Tijs Velthuis,tijs-velthuis,PEC Zwolle,FC Twente,uit,invaller,0,6,0,0,0,,2026-09-07
2,"zondag 16 augustus 2026, 14:30",Jan Burger,jan-burger,PEC Zwolle,FC Twente,uit,bank,0,0,0,,0,,2026-09-07
2,"zondag 16 augustus 2026, 14:30",Odysseus Velanas,odysseus-velanas,PEC Zwolle,FC Twente,uit,invaller,0,24,0,0,0,,2026-09-07
2,"zondag 16 augustus 2026, 14:30",Gabriel Reiziger,gabriel-reiziger,PEC Zwolle,FC Twente,uit,invaller,0,25,0,0,0,,2026-09-07
2,"zondag 16 augustus 2026, 14:30",Jadiel Pereira Da Gama,jadiel-pereira-da-gama,PEC Zwolle,FC Twente,uit,bank,0,0,0,,0,,2026-09-07
2,"zondag 16 augustus 2026, 14:30",Nick Fichtinger,nick-fichtinger,PEC Zwolle,FC Twente,uit,invaller,0,12,0,0,0,,2026-09-07
2,"zondag 16 augustus 2026, 14:30",Givaro Rahajaan,givaro-rahajaan,PEC Zwolle,FC Twente,uit,bank,0,0,0,,0,,2026-09-07
2,"zondag 16 augustus 2026, 14:30",Ibrahim Cissoko,ibrahim-cissoko,PEC Zwolle,FC Twente,uit,invaller,0,24,0,0,0,,2026-09-07
2,"zondag 16 augustus 2026, 14:30",Jan Bürger,jan-burger,PEC Zwolle,FC Twente,uit,afwezig,0,0,0,,0,blessure,2026-08-18
2,"zondag 16 augustus 2026, 14:30",Sherel Floranus,sherel-floranus,PEC Zwolle,FC Twente,uit,afwezig,0,0,0,,0,schorsing,2026-08-18
2,"zaterdag 15 augustus 2026, 18:45",Vasilios Barkas,vasilios-barkas,FC Utrecht,AZ,thuis,basis,1,90,0,0,0,,2026-09-07
2,"zaterdag 15 augustus 2026, 18:45",Arthur Zagré,arthur-zagre,FC Utrecht,AZ,thuis,basis,1,80,0,0,0,,2026-09-07
2,"zaterdag 15 augustus 2026, 18:45",Mike Eerdhuijzen,mike-eerdhuijzen,FC Utrecht,AZ,thuis,basis,1,46,0,0,0,,2026-09-07
2,"zaterdag 15 augustus 2026, 18:45",Siebe Horemans,siebe-horemans,FC Utrecht,AZ,thuis,basis,1,90,0,0,0,,2026-09-07
2,"zaterdag 15 augustus 2026, 18:45",Niklas Vesterlund,niklas-vesterlund,FC Utrecht,AZ,thuis,basis,1,90,0,0,0,,2026-09-07
2,"zaterdag 15 augustus 2026, 18:45",Guus Offerhaus,guus-offerhaus,FC Utrecht,AZ,thuis,basis,1,90,0,0,0,,2026-09-07
2,"zaterdag 15 augustus 2026, 18:45",Ferdinand Pohl,ferdinand-pohl,FC Utrecht,AZ,thuis,basis,1,62,0,0,0,,2026-09-07
2,"zaterdag 15 augustus 2026, 18:45",Yoann Cathline,yoann-cathline,FC Utrecht,AZ,thuis,basis,1,62,0,0,0,,2026-09-07
2,"zaterdag 15 augustus 2026, 18:45",Dani de Wit,dani-de-wit,FC Utrecht,AZ,thuis,basis,1,55,0,0,0,,2026-09-07
2,"zaterdag 15 augustus 2026, 18:45",Ángel Alarcón,angel-alarcon,FC Utrecht,AZ,thuis,basis,1,90,0,0,0,,2026-09-07
2,"zaterdag 15 augustus 2026, 18:45",Artem Stepanov,artem-stepanov,FC Utrecht,AZ,thuis,basis,1,90,1,0,0,,2026-09-07
2,"zaterdag 15 augustus 2026, 18:45",Michael Brouwer,michael-brouwer,FC Utrecht,AZ,thuis,bank,0,0,0,,0,,2026-09-07
2,"zaterdag 15 augustus 2026, 18:45",Kevin Gadellaa,kevin-gadellaa,FC Utrecht,AZ,thuis,bank,0,0,0,,0,,2026-09-07
2,"zaterdag 15 augustus 2026, 18:45",Matisse Didden,matisse-didden,FC Utrecht,AZ,thuis,invaller,0,44,0,0,0,,2026-09-07
2,"zaterdag 15 augustus 2026, 18:45",Neville Ogidi Nwankwo,neville-ogidi-nwankwo,FC Utrecht,AZ,thuis,invaller,0,10,0,0,0,,2026-09-07
2,"zaterdag 15 augustus 2026, 18:45",Joris van Overeem,joris-van-overeem,FC Utrecht,AZ,thuis,bank,0,0,0,,0,,2026-09-07
2,"zaterdag 15 augustus 2026, 18:45",Zidane Iqbal,zidane-iqbal,FC Utrecht,AZ,thuis,bank,0,0,0,,0,,2026-08-31
2,"zaterdag 15 augustus 2026, 18:45",Kevin Paredes,kevin-paredes,FC Utrecht,AZ,thuis,invaller,0,35,0,0,0,,2026-09-07
2,"zaterdag 15 augustus 2026, 18:45",Davy van den Berg,davy-van-den-berg,FC Utrecht,AZ,thuis,invaller,0,28,0,0,0,,2026-09-07
2,"zaterdag 15 augustus 2026, 18:45",David Min,david-min,FC Utrecht,AZ,thuis,bank,0,0,0,,0,,2026-08-26
2,"zaterdag 15 augustus 2026, 18:45",Adrian Blake,adrian-blake,FC Utrecht,AZ,thuis,invaller,0,28,0,0,0,,2026-09-07
2,"zaterdag 15 augustus 2026, 18:45",Emmanuel Chigozie Owen,emmanuel-chigozie-owen,FC Utrecht,AZ,thuis,bank,0,0,0,,0,,2026-09-07
2,"zaterdag 15 augustus 2026, 18:45",Jari De Busser,jari-de-busser,AZ,FC Utrecht,uit,basis,1,90,0,0,3,,2026-09-07
2,"zaterdag 15 augustus 2026, 18:45",Mateo Chávez,mateo-chavez,AZ,FC Utrecht,uit,basis,1,90,0,0,3,,2026-09-07
2,"zaterdag 15 augustus 2026, 18:45",Lewis Schouten,lewis-schouten,AZ,FC Utrecht,uit,basis,1,90,0,0,3,,2026-09-07
2,"zaterdag 15 augustus 2026, 18:45",Wouter Goes,wouter-goes,AZ,FC Utrecht,uit,basis,1,90,0,0,3,,2026-09-07
2,"zaterdag 15 augustus 2026, 18:45",Elijah Dijkstra,elijah-dijkstra,AZ,FC Utrecht,uit,basis,1,90,0,0,3,,2026-09-07
2,"zaterdag 15 augustus 2026, 18:45",Peer Koopmeiners,peer-koopmeiners,AZ,FC Utrecht,uit,basis,1,85,1,0,3,,2026-09-07
2,"zaterdag 15 augustus 2026, 18:45",Dave Kwakman,dave-kwakman,AZ,FC Utrecht,uit,basis,1,90,0,0,3,,2026-09-07
2,"zaterdag 15 augustus 2026, 18:45",Ro-Zangelo Daal,ro-zangelo-daal,AZ,FC Utrecht,uit,basis,1,81,0,0,3,,2026-09-07
2,"zaterdag 15 augustus 2026, 18:45",Kees Smit,kees-smit,AZ,FC Utrecht,uit,basis,1,80,0,0,3,,2026-09-07
2,"zaterdag 15 augustus 2026, 18:45",Weslley Patati,weslley-patati,AZ,FC Utrecht,uit,basis,1,66,1,0,3,,2026-09-07
2,"zaterdag 15 augustus 2026, 18:45",Mexx Meerdink,mexx-meerdink,AZ,FC Utrecht,uit,basis,1,90,1,0,3,,2026-09-07
2,"zaterdag 15 augustus 2026, 18:45",Rome Jayden Owusu Oduro,rome-jayden-owusu-oduro,AZ,FC Utrecht,uit,bank,0,0,0,,0,,2026-09-07
2,"zaterdag 15 augustus 2026, 18:45",Hobie Verhulst,hobie-verhulst,AZ,FC Utrecht,uit,bank,0,0,0,,0,,2026-09-07
2,"zaterdag 15 augustus 2026, 18:45",Seiya Maikuma,seiya-maikuma,AZ,FC Utrecht,uit,invaller,0,5,0,0,3,,2026-09-07
2,"zaterdag 15 augustus 2026, 18:45",Rion Ichihara,rion-ichihara,AZ,FC Utrecht,uit,invaller,0,10,0,0,3,,2026-09-07
2,"zaterdag 15 augustus 2026, 18:45",Billy van Duijl,billy-van-duijl,AZ,FC Utrecht,uit,bank,0,0,0,,0,,2026-09-07
2,"zaterdag 15 augustus 2026, 18:45",Mees de Wit,mees-de-wit,AZ,FC Utrecht,uit,bank,0,0,0,,0,,2026-09-07
2,"zaterdag 15 augustus 2026, 18:45",Calvin Stengs,calvin-stengs,AZ,FC Utrecht,uit,invaller,0,24,0,0,3,,2026-09-07
2,"zaterdag 15 augustus 2026, 18:45",Matej Sin,matej-sin,AZ,FC Utrecht,uit,bank,0,0,0,,0,,2026-09-07
2,"zaterdag 15 augustus 2026, 18:45",Ayoub Oufkir,ayoub-oufkir,AZ,FC Utrecht,uit,invaller,0,9,1,0,3,,2026-09-07
2,"zaterdag 15 augustus 2026, 18:45",Sem van Duijn,sem-van-duijn,AZ,FC Utrecht,uit,bank,0,0,0,,0,,2026-09-07
2,"zaterdag 15 augustus 2026, 18:45",Bendeguz Kovacs,bendeguz-kovacs,AZ,FC Utrecht,uit,bank,0,0,0,,0,,2026-09-07
2,"zaterdag 15 augustus 2026, 18:45",Troy Parrott,troy-parrott,AZ,FC Utrecht,uit,afwezig,0,0,0,,0,blessure,2026-08-18
2,"zaterdag 15 augustus 2026, 18:45",Denso Kasius,denso-kasius,AZ,FC Utrecht,uit,afwezig,0,0,0,,0,blessure,2026-09-07
2,"zaterdag 15 augustus 2026, 18:45",Jordy Clasie,jordy-clasie,AZ,FC Utrecht,uit,afwezig,0,0,0,,0,blessure,2026-08-24
2,"zondag 16 augustus 2026, 14:30",Tjark Ernst,tjark-ernst,Feyenoord,Go Ahead Eagles,thuis,basis,1,90,0,0,1,,2026-09-07
2,"zondag 16 augustus 2026, 14:30",Mika Mármol,mika-marmol,Feyenoord,Go Ahead Eagles,thuis,basis,1,90,0,0,1,,2026-09-07
2,"zondag 16 augustus 2026, 14:30",Jeremiah St. Juste,jeremiah-st-juste,Feyenoord,Go Ahead Eagles,thuis,basis,1,90,0,0,1,,2026-09-07
2,"zondag 16 augustus 2026, 14:30",Tsuyoshi Watanabe,tsuyoshi-watanabe,Feyenoord,Go Ahead Eagles,thuis,basis,1,64,0,0,1,,2026-09-07
2,"zondag 16 augustus 2026, 14:30",Givairo Read,givairo-read,Feyenoord,Go Ahead Eagles,thuis,basis,1,65,0,0,1,,2026-09-07
2,"zondag 16 augustus 2026, 14:30",Luciano Valente,luciano-valente,Feyenoord,Go Ahead Eagles,thuis,basis,1,87,0,0,1,,2026-09-07
2,"zondag 16 augustus 2026, 14:30",Charles Vanhoutte,charles-vanhoutte,Feyenoord,Go Ahead Eagles,thuis,basis,1,72,0,0,1,,2026-09-07
2,"zondag 16 augustus 2026, 14:30",Gjivai Zechiël,gjivai-zechiel,Feyenoord,Go Ahead Eagles,thuis,basis,1,90,1,0,1,,2026-09-07
2,"zondag 16 augustus 2026, 14:30",Gaoussou Diarra,gaoussou-diarra,Feyenoord,Go Ahead Eagles,thuis,basis,1,64,0,0,1,,2026-09-07
2,"zondag 16 augustus 2026, 14:30",Ayase Ueda,ayase-ueda,Feyenoord,Go Ahead Eagles,thuis,basis,1,90,1,0,1,,2026-09-07
2,"zondag 16 augustus 2026, 14:30",Anis Hadj Moussa,anis-hadj-moussa,Feyenoord,Go Ahead Eagles,thuis,basis,1,90,0,0,1,,2026-09-07
2,"zondag 16 augustus 2026, 14:30",Liam Bossin,liam-bossin,Feyenoord,Go Ahead Eagles,thuis,bank,0,0,0,,0,,2026-09-07
2,"zondag 16 augustus 2026, 14:30",Mats Deijl,mats-deijl,Feyenoord,Go Ahead Eagles,thuis,bank,0,0,0,,0,,2026-09-07
2,"zondag 16 augustus 2026, 14:30",Jordan Lotomba,jordan-lotomba,Feyenoord,Go Ahead Eagles,thuis,invaller,0,25,0,0,1,,2026-08-31
2,"zondag 16 augustus 2026, 14:30",Tijme Wessels,tijme-wessels,Feyenoord,Go Ahead Eagles,thuis,bank,0,0,0,,0,,2026-09-07
2,"zondag 16 augustus 2026, 14:30",Sem Steijn,sem-steijn,Feyenoord,Go Ahead Eagles,thuis,invaller,0,18,0,0,1,,2026-09-07
2,"zondag 16 augustus 2026, 14:30",Tobias van den Elshout,tobias-van-den-elshout,Feyenoord,Go Ahead Eagles,thuis,bank,0,0,0,,0,,2026-09-07
2,"zondag 16 augustus 2026, 14:30",Thijs Kraaijeveld,thijs-kraaijeveld,Feyenoord,Go Ahead Eagles,thuis,invaller,0,26,0,0,1,,2026-09-07
2,"zondag 16 augustus 2026, 14:30",Oussama Targhalline,oussama-targhalline,Feyenoord,Go Ahead Eagles,thuis,bank,0,0,0,,0,,2026-09-07
2,"zondag 16 augustus 2026, 14:30",Goncalo Borges,goncalo-borges,Feyenoord,Go Ahead Eagles,thuis,invaller,0,26,0,0,1,,2026-09-07
2,"zondag 16 augustus 2026, 14:30",Nacho Ferri,nacho-ferri,Feyenoord,Go Ahead Eagles,thuis,bank,0,0,0,,0,,2026-09-07
2,"zondag 16 augustus 2026, 14:30",Jivayno Zinhagel,jivayno-zinhagel,Feyenoord,Go Ahead Eagles,thuis,bank,0,0,0,,0,,2026-09-07
2,"zondag 16 augustus 2026, 14:30",Shaqueel van Persie,shaqueel-van-persie,Feyenoord,Go Ahead Eagles,thuis,invaller,0,3,0,0,1,,2026-09-07
2,"zondag 16 augustus 2026, 14:30",Jordan Bos,jordan-bos,Feyenoord,Go Ahead Eagles,thuis,afwezig,0,0,0,,0,blessure,2026-09-07
2,"zondag 16 augustus 2026, 14:30",Gijs Smal,gijs-smal,Feyenoord,Go Ahead Eagles,thuis,afwezig,0,0,0,,0,blessure,2026-09-07
2,"zondag 16 augustus 2026, 14:30",Anel Ahmedhodzic,anel-ahmedhodzic,Feyenoord,Go Ahead Eagles,thuis,afwezig,0,0,0,,0,blessure,2026-08-18
2,"zondag 16 augustus 2026, 14:30",Kjetil Haug,kjetil-haug,Go Ahead Eagles,Feyenoord,uit,basis,1,90,0,0,1,,2026-09-07
2,"zondag 16 augustus 2026, 14:30",Dean James,dean-james,Go Ahead Eagles,Feyenoord,uit,basis,1,80,0,0,1,,2026-09-07
2,"zondag 16 augustus 2026, 14:30",Joris Kramer,joris-kramer,Go Ahead Eagles,Feyenoord,uit,basis,1,90,0,0,1,,2026-09-07
2,"zondag 16 augustus 2026, 14:30",Giovanni van Zwam,giovanni-van-zwam,Go Ahead Eagles,Feyenoord,uit,basis,1,90,0,0,1,,2026-09-07
2,"zondag 16 augustus 2026, 14:30",Alfons Sampsted,alfons-sampsted,Go Ahead Eagles,Feyenoord,uit,basis,1,90,0,0,1,,2026-09-07
2,"zondag 16 augustus 2026, 14:30",Yassir Salah Rahmouni,yassir-salah-rahmouni,Go Ahead Eagles,Feyenoord,uit,basis,1,68,0,0,1,,2026-09-07
2,"zondag 16 augustus 2026, 14:30",Evert Linthorst,evert-linthorst,Go Ahead Eagles,Feyenoord,uit,basis,1,80,0,0,1,,2026-09-07
2,"zondag 16 augustus 2026, 14:30",Mathis Suray,mathis-suray,Go Ahead Eagles,Feyenoord,uit,basis,1,90,0,0,1,,2026-09-07
2,"zondag 16 augustus 2026, 14:30",Victor Edvardsen,victor-edvardsen,Go Ahead Eagles,Feyenoord,uit,basis,1,90,0,0,1,,2026-09-07
2,"zondag 16 augustus 2026, 14:30",Søren Tengstedt,soren-tengstedt,Go Ahead Eagles,Feyenoord,uit,basis,1,80,0,0,1,,2026-09-07
2,"zondag 16 augustus 2026, 14:30",Erik Flataker,erik-flataker,Go Ahead Eagles,Feyenoord,uit,basis,1,73,0,0,1,,2026-09-07
2,"zondag 16 augustus 2026, 14:30",Sren Tengstedt,sren-tengstedt,Go Ahead Eagles,Feyenoord,uit,bank,0,0,0,,0,,2026-09-07
2,"zondag 16 augustus 2026, 14:30",Sasha Panah,sasha-panah,Go Ahead Eagles,Feyenoord,uit,bank,0,0,0,,0,,2026-09-07
2,"zondag 16 augustus 2026, 14:30",Nando Verdoni,nando-verdoni,Go Ahead Eagles,Feyenoord,uit,bank,0,0,0,,0,,2026-09-07
2,"zondag 16 augustus 2026, 14:30",Eus Waayers,eus-waayers,Go Ahead Eagles,Feyenoord,uit,bank,0,0,0,,0,,2026-09-07
2,"zondag 16 augustus 2026, 14:30",Calvin Twigt,calvin-twigt,Go Ahead Eagles,Feyenoord,uit,invaller,0,10,0,0,1,,2026-09-07
2,"zondag 16 augustus 2026, 14:30",Stefan Ingi Sigurdarson,stefan-ingi-sigurdarson,Go Ahead Eagles,Feyenoord,uit,invaller,0,10,1,0,1,,2026-09-07
2,"zondag 16 augustus 2026, 14:30",Oskar Sivertsen,oskar-sivertsen,Go Ahead Eagles,Feyenoord,uit,invaller,0,17,0,0,1,,2026-09-07
2,"zondag 16 augustus 2026, 14:30",Richonell Margaret,richonell-margaret,Go Ahead Eagles,Feyenoord,uit,invaller,0,10,0,0,1,,2026-09-07
2,"zondag 16 augustus 2026, 14:30",Thibo Baeten,thibo-baeten,Go Ahead Eagles,Feyenoord,uit,invaller,0,22,0,0,1,,2026-09-07
2,"zondag 16 augustus 2026, 14:30",Ofosu Boakye,ofosu-boakye,Go Ahead Eagles,Feyenoord,uit,bank,0,0,0,,0,,2026-09-07
2,"zondag 16 augustus 2026, 14:30",Julius Dirksen,julius-dirksen,Go Ahead Eagles,Feyenoord,uit,afwezig,0,0,0,,0,blessure,2026-08-31
2,"zondag 16 augustus 2026, 14:30",Christian Kjetil Haug,christian-kjetil-haug,Go Ahead Eagles,Feyenoord,uit,afwezig,0,0,0,,0,blessure,2026-08-26
2,"zondag 16 augustus 2026, 14:30",Tomas Galvez,tomas-galvez,Go Ahead Eagles,Feyenoord,uit,afwezig,0,0,0,,0,blessure,2026-09-07
2,"zaterdag 15 augustus 2026, 21:00",Mattijs Branderhorst,mattijs-branderhorst,Fortuna Sittard,SC Cambuur,thuis,basis,1,90,0,0,3,,2026-09-07
2,"zaterdag 15 augustus 2026, 21:00",Justin Hubner,justin-hubner,Fortuna Sittard,SC Cambuur,thuis,basis,1,90,0,0,3,,2026-09-07
2,"zaterdag 15 augustus 2026, 21:00",Syb van Ottele,syb-van-ottele,Fortuna Sittard,SC Cambuur,thuis,basis,1,90,0,0,3,,2026-09-07
2,"zaterdag 15 augustus 2026, 21:00",Ivo Pinto,ivo-pinto,Fortuna Sittard,SC Cambuur,thuis,basis,1,90,0,0,3,,2026-09-07
2,"zaterdag 15 augustus 2026, 21:00",Jasper Dahlhaus,jasper-dahlhaus,Fortuna Sittard,SC Cambuur,thuis,basis,1,72,0,0,3,,2026-09-07
2,"zaterdag 15 augustus 2026, 21:00",Yassin Oukili,yassin-oukili,Fortuna Sittard,SC Cambuur,thuis,basis,1,90,0,0,3,,2026-09-07
2,"zaterdag 15 augustus 2026, 21:00",Philip Brittijn,philip-brittijn,Fortuna Sittard,SC Cambuur,thuis,basis,1,90,1,0,3,,2026-09-07
2,"zaterdag 15 augustus 2026, 21:00",Siebe Wylin,siebe-wylin,Fortuna Sittard,SC Cambuur,thuis,basis,1,46,0,0,3,,2026-09-07
2,"zaterdag 15 augustus 2026, 21:00",Ole Romeny,ole-romeny,Fortuna Sittard,SC Cambuur,thuis,basis,1,72,0,0,3,,2026-09-07
2,"zaterdag 15 augustus 2026, 21:00",Mohamed Ihattaren,mohamed-ihattaren,Fortuna Sittard,SC Cambuur,thuis,basis,1,72,0,0,3,,2026-09-07
2,"zaterdag 15 augustus 2026, 21:00",Lequincio Zeefuik,lequincio-zeefuik,Fortuna Sittard,SC Cambuur,thuis,basis,1,90,1,0,3,,2026-09-07
2,"zaterdag 15 augustus 2026, 21:00",Luuk Koopmans,luuk-koopmans,Fortuna Sittard,SC Cambuur,thuis,bank,0,0,0,,0,,2026-09-07
2,"zaterdag 15 augustus 2026, 21:00",Kaylen,kaylen,Fortuna Sittard,SC Cambuur,thuis,bank,0,0,0,,0,,2026-08-31
2,"zaterdag 15 augustus 2026, 21:00",Nick de Groot,nick-de-groot,Fortuna Sittard,SC Cambuur,thuis,invaller,0,18,0,0,3,,2026-09-07
2,"zaterdag 15 augustus 2026, 21:00",Edouard Michut,edouard-michut,Fortuna Sittard,SC Cambuur,thuis,invaller,0,44,0,0,3,,2026-09-07
2,"zaterdag 15 augustus 2026, 21:00",Shiloh T Zand,shiloh-t-zand,Fortuna Sittard,SC Cambuur,thuis,invaller,0,18,1,0,3,,2026-09-07
2,"zaterdag 15 augustus 2026, 21:00",Moussa Gbemou,moussa-gbemou,Fortuna Sittard,SC Cambuur,thuis,invaller,0,0,0,0,3,,2026-09-07
2,"zaterdag 15 augustus 2026, 21:00",Anthony Descotte,anthony-descotte,Fortuna Sittard,SC Cambuur,thuis,invaller,0,18,0,0,3,,2026-09-07
2,"zaterdag 15 augustus 2026, 21:00",Kristoffer Peterson,kristoffer-peterson,Fortuna Sittard,SC Cambuur,thuis,afwezig,0,0,0,,0,blessure,2026-09-07
2,"zaterdag 15 augustus 2026, 21:00",Iván Márquez Álvarez,ivan-marquez-alvarez,Fortuna Sittard,SC Cambuur,thuis,afwezig,0,0,0,,0,blessure,2026-09-07
2,"zaterdag 15 augustus 2026, 21:00",Jevon Simons,jevon-simons,Fortuna Sittard,SC Cambuur,thuis,afwezig,0,0,0,,0,blessure,2026-09-07
2,"zaterdag 15 augustus 2026, 21:00",Thijs Jansen,thijs-jansen,SC Cambuur,Fortuna Sittard,uit,basis,1,90,0,0,0,,2026-09-07
2,"zaterdag 15 augustus 2026, 21:00",Lucas Jetten,lucas-jetten,SC Cambuur,Fortuna Sittard,uit,basis,1,90,0,0,0,,2026-09-07
2,"zaterdag 15 augustus 2026, 21:00",Jamal Amofa,jamal-amofa,SC Cambuur,Fortuna Sittard,uit,basis,1,82,0,0,0,,2026-09-07
2,"zaterdag 15 augustus 2026, 21:00",Ismaël Baouf,ismael-baouf,SC Cambuur,Fortuna Sittard,uit,basis,1,90,0,0,0,,2026-09-07
2,"zaterdag 15 augustus 2026, 21:00",Morgan Costarelli,morgan-costarelli,SC Cambuur,Fortuna Sittard,uit,basis,1,46,0,0,0,,2026-09-07
2,"zaterdag 15 augustus 2026, 21:00",Nicky Souren,nicky-souren,SC Cambuur,Fortuna Sittard,uit,basis,1,90,0,0,0,,2026-09-07
2,"zaterdag 15 augustus 2026, 21:00",Skye Vink,skye-vink,SC Cambuur,Fortuna Sittard,uit,basis,1,76,0,0,0,,2026-09-07
2,"zaterdag 15 augustus 2026, 21:00",Rafik El Arguioui,rafik-el-arguioui,SC Cambuur,Fortuna Sittard,uit,basis,1,90,1,0,0,,2026-09-07
2,"zaterdag 15 augustus 2026, 21:00",Ilyes Hamache,ilyes-hamache,SC Cambuur,Fortuna Sittard,uit,basis,1,88,0,0,0,,2026-09-07
2,"zaterdag 15 augustus 2026, 21:00",Sami Bouhoudane,sami-bouhoudane,SC Cambuur,Fortuna Sittard,uit,basis,1,90,0,0,0,,2026-09-07
2,"zaterdag 15 augustus 2026, 21:00",Iwan Henstra,iwan-henstra,SC Cambuur,Fortuna Sittard,uit,basis,1,76,0,0,0,,2026-09-07
2,"zaterdag 15 augustus 2026, 21:00",S Vink,s-vink,SC Cambuur,Fortuna Sittard,uit,bank,0,0,0,,0,,2026-09-07
2,"zaterdag 15 augustus 2026, 21:00",Jasper Meijster,jasper-meijster,SC Cambuur,Fortuna Sittard,uit,bank,0,0,0,,0,,2026-09-07
2,"zaterdag 15 augustus 2026, 21:00",Matthijs Kalisvaart,matthijs-kalisvaart,SC Cambuur,Fortuna Sittard,uit,bank,0,0,0,,0,,2026-09-07
2,"zaterdag 15 augustus 2026, 21:00",Jorn Berkhout,jorn-berkhout,SC Cambuur,Fortuna Sittard,uit,bank,0,0,0,,0,,2026-09-07
2,"zaterdag 15 augustus 2026, 21:00",Rik Mulders,rik-mulders,SC Cambuur,Fortuna Sittard,uit,invaller,0,2,0,0,0,,2026-09-07
2,"zaterdag 15 augustus 2026, 21:00",R van de Pavert,r-van-de-pavert,SC Cambuur,Fortuna Sittard,uit,bank,0,0,0,,0,,2026-08-26
2,"zaterdag 15 augustus 2026, 21:00",Ethan Apkakou,ethan-apkakou,SC Cambuur,Fortuna Sittard,uit,bank,0,0,0,,0,,2026-09-07
2,"zaterdag 15 augustus 2026, 21:00",Wiebe van der Heide,wiebe-van-der-heide,SC Cambuur,Fortuna Sittard,uit,bank,0,0,0,,0,,2026-09-07
2,"zaterdag 15 augustus 2026, 21:00",Nicolas Binder,nicolas-binder,SC Cambuur,Fortuna Sittard,uit,invaller,0,14,0,0,0,,2026-09-07
2,"zaterdag 15 augustus 2026, 21:00",F Kvam,f-kvam,SC Cambuur,Fortuna Sittard,uit,bank,0,0,0,,0,,2026-09-07
2,"zaterdag 15 augustus 2026, 21:00",Wiebe Kooistra,wiebe-kooistra,SC Cambuur,Fortuna Sittard,uit,invaller,0,44,0,0,0,,2026-09-07
2,"zaterdag 15 augustus 2026, 21:00",Nicolas Binder,nicolas-binder,SC Cambuur,Fortuna Sittard,uit,afwezig,0,0,0,,0,blessure,2026-08-31
2,"vrijdag 14 augustus 2026, 20:00",Ronald Koeman Jr.,ronald-koeman-jr,Telstar,Sparta Rotterdam,thuis,basis,1,90,0,0,0,,2026-09-07
2,"vrijdag 14 augustus 2026, 20:00",Jeff Hardeveld,jeff-hardeveld,Telstar,Sparta Rotterdam,thuis,basis,1,64,0,0,0,,2026-09-07
2,"vrijdag 14 augustus 2026, 20:00",Marvin Peersman,marvin-peersman,Telstar,Sparta Rotterdam,thuis,basis,1,90,0,0,0,,2026-09-07
2,"vrijdag 14 augustus 2026, 20:00",Abdelnour Soualhia,abdelnour-soualhia,Telstar,Sparta Rotterdam,thuis,basis,1,90,1,0,0,,2026-09-07
2,"vrijdag 14 augustus 2026, 20:00",Gabi Caschili,gabi-caschili,Telstar,Sparta Rotterdam,thuis,basis,1,57,0,0,0,,2026-09-07
2,"vrijdag 14 augustus 2026, 20:00",Tyrone Owusu,tyrone-owusu,Telstar,Sparta Rotterdam,thuis,basis,1,90,0,0,0,,2026-09-07
2,"vrijdag 14 augustus 2026, 20:00",Nils Rossen,nils-rossen,Telstar,Sparta Rotterdam,thuis,basis,1,90,0,0,0,,2026-09-07
2,"vrijdag 14 augustus 2026, 20:00",Soufiane Hetli,soufiane-hetli,Telstar,Sparta Rotterdam,thuis,basis,1,90,0,0,0,,2026-09-07
2,"vrijdag 14 augustus 2026, 20:00",Patrick Brouwer,patrick-brouwer,Telstar,Sparta Rotterdam,thuis,basis,1,90,0,0,0,,2026-09-07
2,"vrijdag 14 augustus 2026, 20:00",Rui Mendes,rui-mendes,Telstar,Sparta Rotterdam,thuis,basis,1,57,0,0,0,,2026-09-07
2,"vrijdag 14 augustus 2026, 20:00",Jelani Seedorf,jelani-seedorf,Telstar,Sparta Rotterdam,thuis,basis,1,64,0,0,0,,2026-09-07
2,"vrijdag 14 augustus 2026, 20:00",Finn Mulder,finn-mulder,Telstar,Sparta Rotterdam,thuis,bank,0,0,0,,0,,2026-09-07
2,"vrijdag 14 augustus 2026, 20:00",Daan Reiziger,daan-reiziger,Telstar,Sparta Rotterdam,thuis,bank,0,0,0,,0,,2026-09-07
2,"vrijdag 14 augustus 2026, 20:00",Nigel Ogidi Nwankwo,nigel-ogidi-nwankwo,Telstar,Sparta Rotterdam,thuis,bank,0,0,0,,0,,2026-09-07
2,"vrijdag 14 augustus 2026, 20:00",Rojendro Oudsten,rojendro-oudsten,Telstar,Sparta Rotterdam,thuis,invaller,0,33,0,0,0,,2026-09-07
2,"vrijdag 14 augustus 2026, 20:00",Prince Aning,prince-aning,Telstar,Sparta Rotterdam,thuis,invaller,0,26,0,0,0,,2026-09-07
2,"vrijdag 14 augustus 2026, 20:00",Isaiah Ahmed,isaiah-ahmed,Telstar,Sparta Rotterdam,thuis,bank,0,0,0,,0,,2026-09-07
2,"vrijdag 14 augustus 2026, 20:00",Harrie Kuster,harrie-kuster,Telstar,Sparta Rotterdam,thuis,bank,0,0,0,,0,,2026-09-07
2,"vrijdag 14 augustus 2026, 20:00",Noach Shenkman,noach-shenkman,Telstar,Sparta Rotterdam,thuis,invaller,0,26,0,0,0,,2026-09-07
2,"vrijdag 14 augustus 2026, 20:00",Emirhan Demircan,emirhan-demircan,Telstar,Sparta Rotterdam,thuis,invaller,0,33,0,0,0,,2026-09-07
2,"vrijdag 14 augustus 2026, 20:00",Fabiano Rust,fabiano-rust,Telstar,Sparta Rotterdam,thuis,bank,0,0,0,,0,,2026-09-07
2,"vrijdag 14 augustus 2026, 20:00",Fofin Turay,fofin-turay,Telstar,Sparta Rotterdam,thuis,bank,0,0,0,,0,,2026-09-07
2,"vrijdag 14 augustus 2026, 20:00",Gerald Alders,gerald-alders,Telstar,Sparta Rotterdam,thuis,afwezig,0,0,0,,0,blessure,2026-08-31
2,"vrijdag 14 augustus 2026, 20:00",Filip Bednarek,filip-bednarek,Sparta Rotterdam,Telstar,uit,basis,1,90,0,0,3,,2026-09-07
2,"vrijdag 14 augustus 2026, 20:00",Bas Kuipers,bas-kuipers,Sparta Rotterdam,Telstar,uit,basis,1,90,0,0,3,,2026-09-07
2,"vrijdag 14 augustus 2026, 20:00",Nick Verschuren,nick-verschuren,Sparta Rotterdam,Telstar,uit,basis,1,90,0,0,3,,2026-09-07
2,"vrijdag 14 augustus 2026, 20:00",Marvin Young,marvin-young,Sparta Rotterdam,Telstar,uit,basis,1,90,1,0,3,,2026-09-07
2,"vrijdag 14 augustus 2026, 20:00",Lushendry Martes,lushendry-martes,Sparta Rotterdam,Telstar,uit,basis,1,90,0,0,3,,2026-09-07
2,"vrijdag 14 augustus 2026, 20:00",Jens Toornstra,jens-toornstra,Sparta Rotterdam,Telstar,uit,basis,1,76,0,0,3,,2026-09-07
2,"vrijdag 14 augustus 2026, 20:00",Julian Baas,julian-baas,Sparta Rotterdam,Telstar,uit,basis,1,85,0,0,3,,2026-09-07
2,"vrijdag 14 augustus 2026, 20:00",Ayoni Santos,ayoni-santos,Sparta Rotterdam,Telstar,uit,basis,1,90,0,0,3,,2026-09-07
2,"vrijdag 14 augustus 2026, 20:00",Shunsuke Mito,shunsuke-mito,Sparta Rotterdam,Telstar,uit,basis,1,76,0,0,3,,2026-09-07
2,"vrijdag 14 augustus 2026, 20:00",Casper Terho,casper-terho,Sparta Rotterdam,Telstar,uit,basis,1,62,0,0,3,,2026-09-07
2,"vrijdag 14 augustus 2026, 20:00",Nökkvi Thórisson,nokkvi-thorisson,Sparta Rotterdam,Telstar,uit,basis,1,85,1,0,3,,2026-09-07
2,"vrijdag 14 augustus 2026, 20:00",Lushendry Edward Martes,lushendry-edward-martes,Sparta Rotterdam,Telstar,uit,bank,0,0,0,,0,,2026-09-07
2,"vrijdag 14 augustus 2026, 20:00",Rik Suur,rik-suur,Sparta Rotterdam,Telstar,uit,bank,0,0,0,,0,,2026-09-07
2,"vrijdag 14 augustus 2026, 20:00",Boyd Reith,boyd-reith,Sparta Rotterdam,Telstar,uit,bank,0,0,0,,0,,2026-09-07
2,"vrijdag 14 augustus 2026, 20:00",Teo Quintero,teo-quintero,Sparta Rotterdam,Telstar,uit,invaller,0,5,0,0,3,,2026-09-07
2,"vrijdag 14 augustus 2026, 20:00",Bruno Martins Indi,bruno-martins-indi,Sparta Rotterdam,Telstar,uit,bank,0,0,0,,0,,2026-09-07
2,"vrijdag 14 augustus 2026, 20:00",Giannino Vianello,giannino-vianello,Sparta Rotterdam,Telstar,uit,bank,0,0,0,,0,,2026-09-07
2,"vrijdag 14 augustus 2026, 20:00",A Roaldsy,a-roaldsy,Sparta Rotterdam,Telstar,uit,bank,0,0,0,,0,,2026-09-07
2,"vrijdag 14 augustus 2026, 20:00",Robin van Cruijsen,robin-van-cruijsen,Sparta Rotterdam,Telstar,uit,invaller,0,14,1,0,3,,2026-09-07
2,"vrijdag 14 augustus 2026, 20:00",Younes Jaber El Maftahi,younes-jaber-el-maftahi,Sparta Rotterdam,Telstar,uit,bank,0,0,0,,0,,2026-08-31
2,"vrijdag 14 augustus 2026, 20:00",Mitchell van Bergen,mitchell-van-bergen,Sparta Rotterdam,Telstar,uit,invaller,0,28,0,0,3,,2026-09-07
2,"vrijdag 14 augustus 2026, 20:00",Milan Zonneveld,milan-zonneveld,Sparta Rotterdam,Telstar,uit,invaller,0,5,0,0,3,,2026-09-07
2,"vrijdag 14 augustus 2026, 20:00",Joel Ideho,joel-ideho,Sparta Rotterdam,Telstar,uit,bank,0,0,0,,0,,2026-09-07
2,"zaterdag 15 augustus 2026, 16:30",Karst de Leeuw,karst-de-leeuw,Willem II,NEC,thuis,basis,1,90,0,0,0,,2026-09-07
2,"zaterdag 15 augustus 2026, 16:30",Nathan Tjoe-A-On,nathan-tjoe-a-on,Willem II,NEC,thuis,basis,1,69,0,0,0,,2026-09-07
2,"zaterdag 15 augustus 2026, 16:30",Justin Hoogma,justin-hoogma,Willem II,NEC,thuis,basis,1,90,0,0,0,,2026-09-07
2,"zaterdag 15 augustus 2026, 16:30",Finn Stam,finn-stam,Willem II,NEC,thuis,basis,1,90,0,0,0,,2026-09-07
2,"zaterdag 15 augustus 2026, 16:30",Per van Loon,per-van-loon,Willem II,NEC,thuis,basis,1,90,0,0,0,,2026-09-07
2,"zaterdag 15 augustus 2026, 16:30",Jaden Slory,jaden-slory,Willem II,NEC,thuis,basis,1,90,0,0,0,,2026-09-07
2,"zaterdag 15 augustus 2026, 16:30",Kasper Boogaard,kasper-boogaard,Willem II,NEC,thuis,basis,1,89,0,0,0,,2026-09-07
2,"zaterdag 15 augustus 2026, 16:30",Alessandro Ciranni,alessandro-ciranni,Willem II,NEC,thuis,basis,1,69,0,0,0,,2026-09-07
2,"zaterdag 15 augustus 2026, 16:30",Eser Gürbüz,eser-gurbuz,Willem II,NEC,thuis,basis,1,69,0,0,0,,2026-09-07
2,"zaterdag 15 augustus 2026, 16:30",Uriël van Aalst,uriel-van-aalst,Willem II,NEC,thuis,basis,1,90,0,0,0,,2026-09-07
2,"zaterdag 15 augustus 2026, 16:30",Devin Haen,devin-haen,Willem II,NEC,thuis,basis,1,90,0,0,0,,2026-09-07
2,"zaterdag 15 augustus 2026, 16:30",Wouter van der Steen,wouter-van-der-steen,Willem II,NEC,thuis,bank,0,0,0,,0,,2026-09-07
2,"zaterdag 15 augustus 2026, 16:30",Hidde ter Avest,hidde-ter-avest,Willem II,NEC,thuis,invaller,0,21,0,0,0,,2026-09-07
2,"zaterdag 15 augustus 2026, 16:30",Jens Mathijsen,jens-mathijsen,Willem II,NEC,thuis,bank,0,0,0,,0,,2026-09-07
2,"zaterdag 15 augustus 2026, 16:30",Amine Et Taibi,amine-et-taibi,Willem II,NEC,thuis,bank,0,0,0,,0,,2026-09-07
2,"zaterdag 15 augustus 2026, 16:30",Mats Lemmens,mats-lemmens,Willem II,NEC,thuis,invaller,0,21,0,0,0,,2026-09-07
2,"zaterdag 15 augustus 2026, 16:30",Thomas Verheydt,thomas-verheydt,Willem II,NEC,thuis,invaller,0,21,1,0,0,,2026-09-07
2,"zaterdag 15 augustus 2026, 16:30",Thomas Didillon,thomas-didillon,Willem II,NEC,thuis,afwezig,0,0,0,,0,blessure,2026-09-07
2,"zaterdag 15 augustus 2026, 16:30",Armin Culum,armin-culum,Willem II,NEC,thuis,afwezig,0,0,0,,0,blessure,2026-09-07
2,"zaterdag 15 augustus 2026, 16:30",Gonzalo Crettaz,gonzalo-crettaz,NEC,Willem II,uit,basis,1,90,0,0,3,,2026-09-07
2,"zaterdag 15 augustus 2026, 16:30",Deveron Fonville,deveron-fonville,NEC,Willem II,uit,basis,1,76,0,0,3,,2026-09-07
2,"zaterdag 15 augustus 2026, 16:30",Tobias Storm,tobias-storm,NEC,Willem II,uit,basis,1,90,0,0,3,,2026-09-07
2,"zaterdag 15 augustus 2026, 16:30",Brayann Pereira,brayann-pereira,NEC,Willem II,uit,basis,1,90,0,0,3,,2026-09-07
2,"zaterdag 15 augustus 2026, 16:30",Clement Bischoff,clement-bischoff,NEC,Willem II,uit,basis,1,66,0,0,3,,2026-09-07
2,"zaterdag 15 augustus 2026, 16:30",Jamiro Monteiro,jamiro-monteiro,NEC,Willem II,uit,basis,1,90,0,0,3,,2026-09-07
2,"zaterdag 15 augustus 2026, 16:30",Darko Nejasmic,darko-nejasmic,NEC,Willem II,uit,basis,1,65,0,0,3,,2026-09-07
2,"zaterdag 15 augustus 2026, 16:30",Adam Tahaui,adam-tahaui,NEC,Willem II,uit,basis,1,89,1,0,3,,2026-09-07
2,"zaterdag 15 augustus 2026, 16:30",Dusan Tadic,dusan-tadic,NEC,Willem II,uit,basis,1,90,0,0,3,,2026-09-07
2,"zaterdag 15 augustus 2026, 16:30",Tjaronn Chery,tjaronn-chery,NEC,Willem II,uit,basis,1,90,1,0,3,,2026-09-07
2,"zaterdag 15 augustus 2026, 16:30",Bryan Linssen,bryan-linssen,NEC,Willem II,uit,basis,1,66,1,0,3,,2026-09-07
2,"zaterdag 15 augustus 2026, 16:30",T Storm,t-storm,NEC,Willem II,uit,bank,0,0,0,,0,,2026-09-07
2,"zaterdag 15 augustus 2026, 16:30",Nikolas Polster,nikolas-polster,NEC,Willem II,uit,bank,0,0,0,,0,,2026-09-07
2,"zaterdag 15 augustus 2026, 16:30",Freek Entius,freek-entius,NEC,Willem II,uit,bank,0,0,0,,0,,2026-09-07
2,"zaterdag 15 augustus 2026, 16:30",Thomas Ouwejan,thomas-ouwejan,NEC,Willem II,uit,bank,0,0,0,,0,,2026-08-31
2,"zaterdag 15 augustus 2026, 16:30",Bram Nuytinck,bram-nuytinck,NEC,Willem II,uit,invaller,0,1,0,0,3,,2026-09-07
2,"zaterdag 15 augustus 2026, 16:30",Almugera Kabar,almugera-kabar,NEC,Willem II,uit,invaller,0,14,0,0,3,,2026-09-07
2,"zaterdag 15 augustus 2026, 16:30",Gabriel Bras,gabriel-bras,NEC,Willem II,uit,bank,0,0,0,,0,,2026-09-07
2,"zaterdag 15 augustus 2026, 16:30",Isak Hansen Aaren,isak-hansen-aaren,NEC,Willem II,uit,bank,0,0,0,,0,,2026-09-07
2,"zaterdag 15 augustus 2026, 16:30",Willum Thor Willumsson,willum-thor-willumsson,NEC,Willem II,uit,bank,0,0,0,,0,,2026-09-07
2,"zaterdag 15 augustus 2026, 16:30",Noe Lebreton,noe-lebreton,NEC,Willem II,uit,invaller,0,25,0,0,3,,2026-09-07
2,"zaterdag 15 augustus 2026, 16:30",Emre Mor,emre-mor,NEC,Willem II,uit,invaller,0,24,0,0,3,,2026-09-07
2,"zaterdag 15 augustus 2026, 16:30",Kaj Sierhuis,kaj-sierhuis,NEC,Willem II,uit,invaller,0,24,1,0,3,,2026-09-07
2,"zaterdag 15 augustus 2026, 16:30",Kevin Kers,kevin-kers,NEC,Willem II,uit,bank,0,0,0,,0,,2026-09-07
2,"zaterdag 15 augustus 2026, 16:30",Koki Ogawa,koki-ogawa,NEC,Willem II,uit,afwezig,0,0,0,,0,blessure,2026-08-24
2,"zaterdag 15 augustus 2026, 16:30",Sami Ouaissa,sami-ouaissa,NEC,Willem II,uit,afwezig,0,0,0,,0,blessure,2026-08-31
2,"zaterdag 15 augustus 2026, 16:30",Thomas Ouwejan,thomas-ouwejan,NEC,Willem II,uit,afwezig,0,0,0,,0,blessure,2026-09-07
2,"zaterdag 15 augustus 2026, 16:30",Yassin Moslih,yassin-moslih,NEC,Willem II,uit,afwezig,0,0,0,,0,blessure,2026-09-07
2,"zaterdag 15 augustus 2026, 16:30",Philippe Sandler,philippe-sandler,NEC,Willem II,uit,afwezig,0,0,0,,0,blessure,2026-09-07
1,"zaterdag 8 augustus 2026, 21:00",Stije Resink,stije-resink,AZ,ADO Den Haag,thuis,afwezig,0,0,0,,0,blessure,2026-09-07
1,"zaterdag 8 augustus 2026, 16:30",Ahmetcan Kaplan,ahmetcan-kaplan,NEC,Telstar,thuis,afwezig,0,0,0,,0,blessure,2026-08-26
2,"zaterdag 15 augustus 2026, 18:45",Stije Resink,stije-resink,AZ,FC Utrecht,uit,afwezig,0,0,0,,0,blessure,2026-09-07
2,"zaterdag 15 augustus 2026, 16:30",Ahmetcan Kaplan,ahmetcan-kaplan,NEC,Willem II,uit,afwezig,0,0,0,,0,blessure,2026-08-26
3,"zaterdag 22 augustus 2026, 16:30",Mattijs Branderhorst,mattijs-branderhorst,Fortuna Sittard,AZ,thuis,basis,1,90,0,0,0,,2026-09-07
3,"zaterdag 22 augustus 2026, 16:30",Nick de Groot,nick-de-groot,Fortuna Sittard,AZ,thuis,basis,1,66,0,0,0,,2026-09-07
3,"zaterdag 22 augustus 2026, 16:30",Justin Hubner,justin-hubner,Fortuna Sittard,AZ,thuis,basis,1,90,0,0,0,,2026-09-07
3,"zaterdag 22 augustus 2026, 16:30",Syb van Ottele,syb-van-ottele,Fortuna Sittard,AZ,thuis,basis,1,67,0,0,0,,2026-09-07
3,"zaterdag 22 augustus 2026, 16:30",Siebe Wylin,siebe-wylin,Fortuna Sittard,AZ,thuis,basis,1,75,0,0,0,,2026-09-07
3,"zaterdag 22 augustus 2026, 16:30",Edouard Michut,edouard-michut,Fortuna Sittard,AZ,thuis,basis,1,90,0,0,0,,2026-09-07
3,"zaterdag 22 augustus 2026, 16:30",Philip Brittijn,philip-brittijn,Fortuna Sittard,AZ,thuis,basis,1,90,0,0,0,,2026-09-07
3,"zaterdag 22 augustus 2026, 16:30",Shiloh 't Zand,shiloh-t-zand,Fortuna Sittard,AZ,thuis,basis,1,66,0,0,0,,2026-09-07
3,"zaterdag 22 augustus 2026, 16:30",Anthony Descotte,anthony-descotte,Fortuna Sittard,AZ,thuis,basis,1,46,0,0,0,,2026-09-07
3,"zaterdag 22 augustus 2026, 16:30",Lequincio Zeefuik,lequincio-zeefuik,Fortuna Sittard,AZ,thuis,basis,1,90,0,0,0,,2026-09-07
3,"zaterdag 22 augustus 2026, 16:30",Ole Romeny,ole-romeny,Fortuna Sittard,AZ,thuis,basis,1,90,0,0,0,,2026-09-07
3,"zaterdag 22 augustus 2026, 16:30",Luuk Koopmans,luuk-koopmans,Fortuna Sittard,AZ,thuis,bank,0,0,0,,0,,2026-09-07
3,"zaterdag 22 augustus 2026, 16:30",Kaylen,kaylen,Fortuna Sittard,AZ,thuis,bank,0,0,0,,0,,2026-08-31
3,"zaterdag 22 augustus 2026, 16:30",Rodrigo Guth,rodrigo-guth,Fortuna Sittard,AZ,thuis,invaller,0,15,0,0,0,,2026-09-07
3,"zaterdag 22 augustus 2026, 16:30",Jasper Dahlhaus,jasper-dahlhaus,Fortuna Sittard,AZ,thuis,invaller,0,24,0,0,0,,2026-09-07
3,"zaterdag 22 augustus 2026, 16:30",Ivo Pinto,ivo-pinto,Fortuna Sittard,AZ,thuis,invaller,0,44,0,0,0,,2026-09-07
3,"zaterdag 22 augustus 2026, 16:30",Yassin Oukili,yassin-oukili,Fortuna Sittard,AZ,thuis,invaller,0,23,0,0,0,,2026-09-07
3,"zaterdag 22 augustus 2026, 16:30",Moussa Gbemou,moussa-gbemou,Fortuna Sittard,AZ,thuis,bank,0,0,0,,0,,2026-09-07
3,"zaterdag 22 augustus 2026, 16:30",Mohamed Ihattaren,mohamed-ihattaren,Fortuna Sittard,AZ,thuis,invaller,0,24,0,0,0,,2026-09-07
3,"zaterdag 22 augustus 2026, 16:30",Kristoffer Peterson,kristoffer-peterson,Fortuna Sittard,AZ,thuis,afwezig,0,0,0,,0,blessure,2026-09-07
3,"zaterdag 22 augustus 2026, 16:30",Iván Márquez Álvarez,ivan-marquez-alvarez,Fortuna Sittard,AZ,thuis,afwezig,0,0,0,,0,blessure,2026-09-07
3,"zaterdag 22 augustus 2026, 16:30",Jevon Simons,jevon-simons,Fortuna Sittard,AZ,thuis,afwezig,0,0,0,,0,blessure,2026-09-07
3,"zaterdag 22 augustus 2026, 16:30",Jari De Busser,jari-de-busser,AZ,Fortuna Sittard,uit,basis,1,90,0,1,3,,2026-09-07
3,"zaterdag 22 augustus 2026, 16:30",Mateo Chávez,mateo-chavez,AZ,Fortuna Sittard,uit,basis,1,90,0,1,3,,2026-09-07
3,"zaterdag 22 augustus 2026, 16:30",Lewis Schouten,lewis-schouten,AZ,Fortuna Sittard,uit,basis,1,90,0,1,3,,2026-09-07
3,"zaterdag 22 augustus 2026, 16:30",Wouter Goes,wouter-goes,AZ,Fortuna Sittard,uit,basis,1,90,0,1,3,,2026-09-07
3,"zaterdag 22 augustus 2026, 16:30",Elijah Dijkstra,elijah-dijkstra,AZ,Fortuna Sittard,uit,basis,1,86,0,1,3,,2026-09-07
3,"zaterdag 22 augustus 2026, 16:30",Peer Koopmeiners,peer-koopmeiners,AZ,Fortuna Sittard,uit,basis,1,90,0,1,3,,2026-09-07
3,"zaterdag 22 augustus 2026, 16:30",Dave Kwakman,dave-kwakman,AZ,Fortuna Sittard,uit,basis,1,46,0,1,3,,2026-09-07
3,"zaterdag 22 augustus 2026, 16:30",Ro-Zangelo Daal,ro-zangelo-daal,AZ,Fortuna Sittard,uit,basis,1,90,0,1,3,,2026-09-07
3,"zaterdag 22 augustus 2026, 16:30",Kees Smit,kees-smit,AZ,Fortuna Sittard,uit,basis,1,69,0,1,3,,2026-09-07
3,"zaterdag 22 augustus 2026, 16:30",Weslley Patati,weslley-patati,AZ,Fortuna Sittard,uit,basis,1,46,0,1,3,,2026-09-07
3,"zaterdag 22 augustus 2026, 16:30",Mexx Meerdink,mexx-meerdink,AZ,Fortuna Sittard,uit,basis,1,86,0,1,3,,2026-09-07
3,"zaterdag 22 augustus 2026, 16:30",Rome Jayden Owusu Oduro,rome-jayden-owusu-oduro,AZ,Fortuna Sittard,uit,bank,0,0,0,,0,,2026-09-07
3,"zaterdag 22 augustus 2026, 16:30",Hobie Verhulst,hobie-verhulst,AZ,Fortuna Sittard,uit,bank,0,0,0,,0,,2026-09-07
3,"zaterdag 22 augustus 2026, 16:30",Seiya Maikuma,seiya-maikuma,AZ,Fortuna Sittard,uit,invaller,0,4,0,1,3,,2026-09-07
3,"zaterdag 22 augustus 2026, 16:30",Sam de Grand,sam-de-grand,AZ,Fortuna Sittard,uit,bank,0,0,0,,0,,2026-08-31
3,"zaterdag 22 augustus 2026, 16:30",Billy van Duijl,billy-van-duijl,AZ,Fortuna Sittard,uit,bank,0,0,0,,0,,2026-09-07
3,"zaterdag 22 augustus 2026, 16:30",Rion Ichihara,rion-ichihara,AZ,Fortuna Sittard,uit,bank,0,0,0,,0,,2026-09-07
3,"zaterdag 22 augustus 2026, 16:30",Jordy Clasie,jordy-clasie,AZ,Fortuna Sittard,uit,invaller,0,21,0,1,3,,2026-09-07
3,"zaterdag 22 augustus 2026, 16:30",Calvin Stengs,calvin-stengs,AZ,Fortuna Sittard,uit,invaller,0,44,0,1,3,,2026-09-07
3,"zaterdag 22 augustus 2026, 16:30",Jizz Hornkamp,jizz-hornkamp,AZ,Fortuna Sittard,uit,invaller,0,44,2,1,3,,2026-09-07
3,"zaterdag 22 augustus 2026, 16:30",Ayoub Oufkir,ayoub-oufkir,AZ,Fortuna Sittard,uit,invaller,0,4,0,1,3,,2026-09-07
3,"zaterdag 22 augustus 2026, 16:30",Bendeguz Kovacs,bendeguz-kovacs,AZ,Fortuna Sittard,uit,bank,0,0,0,,0,,2026-09-07
3,"zaterdag 22 augustus 2026, 16:30",Matěj Šín,matej-sin,AZ,Fortuna Sittard,uit,afwezig,0,0,0,,0,blessure,2026-08-31
3,"zaterdag 22 augustus 2026, 16:30",Stije Resink,stije-resink,AZ,Fortuna Sittard,uit,afwezig,0,0,0,,0,blessure,2026-09-07
3,"zaterdag 22 augustus 2026, 16:30",Mees De Wit,mees-de-wit,AZ,Fortuna Sittard,uit,afwezig,0,0,0,,0,blessure,2026-08-26
3,"zaterdag 22 augustus 2026, 16:30",Denso Kasius,denso-kasius,AZ,Fortuna Sittard,uit,afwezig,0,0,0,,0,blessure,2026-09-07
3,"zaterdag 22 augustus 2026, 16:30",Jordy Clasie,jordy-clasie,AZ,Fortuna Sittard,uit,afwezig,0,0,0,,0,blessure,2026-08-24
3,"zondag 23 augustus 2026, 12:15",Kjetil Haug,kjetil-haug,Go Ahead Eagles,ADO Den Haag,thuis,basis,1,90,0,0,3,,2026-09-07
3,"zondag 23 augustus 2026, 12:15",Dean James,dean-james,Go Ahead Eagles,ADO Den Haag,thuis,basis,1,90,0,0,3,,2026-09-07
3,"zondag 23 augustus 2026, 12:15",Joris Kramer,joris-kramer,Go Ahead Eagles,ADO Den Haag,thuis,basis,1,90,0,0,3,,2026-09-07
3,"zondag 23 augustus 2026, 12:15",Julius Dirksen,julius-dirksen,Go Ahead Eagles,ADO Den Haag,thuis,basis,1,76,0,0,3,,2026-09-07
3,"zondag 23 augustus 2026, 12:15",Alfons Sampsted,alfons-sampsted,Go Ahead Eagles,ADO Den Haag,thuis,basis,1,90,0,0,3,,2026-09-07
3,"zondag 23 augustus 2026, 12:15",Melle Meulensteen,melle-meulensteen,Go Ahead Eagles,ADO Den Haag,thuis,basis,1,76,0,0,3,,2026-09-07
3,"zondag 23 augustus 2026, 12:15",Evert Linthorst,evert-linthorst,Go Ahead Eagles,ADO Den Haag,thuis,basis,1,90,0,0,3,,2026-09-07
3,"zondag 23 augustus 2026, 12:15",Mathis Suray,mathis-suray,Go Ahead Eagles,ADO Den Haag,thuis,basis,1,90,0,0,3,,2026-09-07
3,"zondag 23 augustus 2026, 12:15",Victor Edvardsen,victor-edvardsen,Go Ahead Eagles,ADO Den Haag,thuis,basis,1,76,1,0,3,,2026-09-07
3,"zondag 23 augustus 2026, 12:15",Søren Tengstedt,soren-tengstedt,Go Ahead Eagles,ADO Den Haag,thuis,basis,1,89,0,0,3,,2026-09-07
3,"zondag 23 augustus 2026, 12:15",Erik Flataker,erik-flataker,Go Ahead Eagles,ADO Den Haag,thuis,basis,1,67,0,0,3,,2026-09-07
3,"zondag 23 augustus 2026, 12:15",Sren Tengstedt,sren-tengstedt,Go Ahead Eagles,ADO Den Haag,thuis,bank,0,0,0,,0,,2026-09-07
3,"zondag 23 augustus 2026, 12:15",Sasha Panah,sasha-panah,Go Ahead Eagles,ADO Den Haag,thuis,bank,0,0,0,,0,,2026-09-07
3,"zondag 23 augustus 2026, 12:15",Nando Verdoni,nando-verdoni,Go Ahead Eagles,ADO Den Haag,thuis,bank,0,0,0,,0,,2026-09-07
3,"zondag 23 augustus 2026, 12:15",Eus Waayers,eus-waayers,Go Ahead Eagles,ADO Den Haag,thuis,bank,0,0,0,,0,,2026-09-07
3,"zondag 23 augustus 2026, 12:15",Giovanni van Zwam,giovanni-van-zwam,Go Ahead Eagles,ADO Den Haag,thuis,invaller,0,14,0,0,3,,2026-09-07
3,"zondag 23 augustus 2026, 12:15",Yassir Salah Rahmouni,yassir-salah-rahmouni,Go Ahead Eagles,ADO Den Haag,thuis,invaller,0,14,0,0,3,,2026-09-07
3,"zondag 23 augustus 2026, 12:15",Stefan Ingi Sigurdarson,stefan-ingi-sigurdarson,Go Ahead Eagles,ADO Den Haag,thuis,invaller,0,14,1,0,3,,2026-09-07
3,"zondag 23 augustus 2026, 12:15",Oskar Sivertsen,oskar-sivertsen,Go Ahead Eagles,ADO Den Haag,thuis,invaller,0,23,0,0,3,,2026-09-07
3,"zondag 23 augustus 2026, 12:15",Richonell Margaret,richonell-margaret,Go Ahead Eagles,ADO Den Haag,thuis,bank,0,0,0,,0,,2026-09-07
3,"zondag 23 augustus 2026, 12:15",Thibo Baeten,thibo-baeten,Go Ahead Eagles,ADO Den Haag,thuis,invaller,0,1,0,0,3,,2026-09-07
3,"zondag 23 augustus 2026, 12:15",Ofosu Boakye,ofosu-boakye,Go Ahead Eagles,ADO Den Haag,thuis,bank,0,0,0,,0,,2026-09-07
3,"zondag 23 augustus 2026, 12:15",Julius Dirksen,julius-dirksen,Go Ahead Eagles,ADO Den Haag,thuis,afwezig,0,0,0,,0,blessure,2026-08-31
3,"zondag 23 augustus 2026, 12:15",Christian Kjetil Haug,christian-kjetil-haug,Go Ahead Eagles,ADO Den Haag,thuis,afwezig,0,0,0,,0,blessure,2026-08-26
3,"zondag 23 augustus 2026, 12:15",Tomas Galvez,tomas-galvez,Go Ahead Eagles,ADO Den Haag,thuis,afwezig,0,0,0,,0,blessure,2026-09-07
3,"zondag 23 augustus 2026, 12:15",Kilian Nikièma,kilian-nikiema,ADO Den Haag,Go Ahead Eagles,uit,basis,1,90,0,0,0,,2026-09-07
3,"zondag 23 augustus 2026, 12:15",Sekou Sylla,sekou-sylla,ADO Den Haag,Go Ahead Eagles,uit,basis,1,66,0,0,0,,2026-09-07
3,"zondag 23 augustus 2026, 12:15",Milan Hokke,milan-hokke,ADO Den Haag,Go Ahead Eagles,uit,basis,1,90,0,0,0,,2026-09-07
3,"zondag 23 augustus 2026, 12:15",Pascal Mulder,pascal-mulder,ADO Den Haag,Go Ahead Eagles,uit,basis,1,90,0,0,0,,2026-09-07
3,"zondag 23 augustus 2026, 12:15",Othniël Raterink,othniel-raterink,ADO Den Haag,Go Ahead Eagles,uit,basis,1,90,0,0,0,,2026-09-07
3,"zondag 23 augustus 2026, 12:15",Nigel Thomas,nigel-thomas,ADO Den Haag,Go Ahead Eagles,uit,basis,1,71,0,0,0,,2026-09-07
3,"zondag 23 augustus 2026, 12:15",Juho Kilo,juho-kilo,ADO Den Haag,Go Ahead Eagles,uit,basis,1,90,0,0,0,,2026-09-07
3,"zondag 23 augustus 2026, 12:15",Jan Zamburek,jan-zamburek,ADO Den Haag,Go Ahead Eagles,uit,basis,1,61,0,0,0,,2026-09-07
3,"zondag 23 augustus 2026, 12:15",Daryl van Mieghem,daryl-van-mieghem,ADO Den Haag,Go Ahead Eagles,uit,basis,1,61,0,0,0,,2026-09-07
3,"zondag 23 augustus 2026, 12:15",Yannick Eduardo,yannick-eduardo,ADO Den Haag,Go Ahead Eagles,uit,basis,1,66,0,0,0,,2026-09-07
3,"zondag 23 augustus 2026, 12:15",Evan Rottier,evan-rottier,ADO Den Haag,Go Ahead Eagles,uit,basis,1,90,1,0,0,,2026-09-07
3,"zondag 23 augustus 2026, 12:15",Caleb Kramer,caleb-kramer,ADO Den Haag,Go Ahead Eagles,uit,bank,0,0,0,,0,,2026-09-07
3,"zondag 23 augustus 2026, 12:15",Niclas Thiede,niclas-thiede,ADO Den Haag,Go Ahead Eagles,uit,bank,0,0,0,,0,,2026-09-07
3,"zondag 23 augustus 2026, 12:15",Matteo Waem,matteo-waem,ADO Den Haag,Go Ahead Eagles,uit,invaller,0,24,0,0,0,,2026-09-07
3,"zondag 23 augustus 2026, 12:15",Illaijh de Ruijter,illaijh-de-ruijter,ADO Den Haag,Go Ahead Eagles,uit,invaller,0,29,0,0,0,,2026-09-07
3,"zondag 23 augustus 2026, 12:15",Lasse Wilhelm,lasse-wilhelm,ADO Den Haag,Go Ahead Eagles,uit,bank,0,0,0,,0,,2026-09-07
3,"zondag 23 augustus 2026, 12:15",Mylian Jimenez,mylian-jimenez,ADO Den Haag,Go Ahead Eagles,uit,bank,0,0,0,,0,,2026-09-07
3,"zondag 23 augustus 2026, 12:15",Finn de Bruin,finn-de-bruin,ADO Den Haag,Go Ahead Eagles,uit,invaller,0,29,0,0,0,,2026-09-07
3,"zondag 23 augustus 2026, 12:15",Jalen Hawkins,jalen-hawkins,ADO Den Haag,Go Ahead Eagles,uit,invaller,0,19,0,0,0,,2026-09-07
3,"zondag 23 augustus 2026, 12:15",Dani van Loenen,dani-van-loenen,ADO Den Haag,Go Ahead Eagles,uit,bank,0,0,0,,0,,2026-09-07
3,"zondag 23 augustus 2026, 12:15",Jesse Bal,jesse-bal,ADO Den Haag,Go Ahead Eagles,uit,invaller,0,24,0,0,0,,2026-09-07
3,"zondag 23 augustus 2026, 12:15",Luka Reischl,luka-reischl,ADO Den Haag,Go Ahead Eagles,uit,bank,0,0,0,,0,,2026-09-07
3,"zondag 23 augustus 2026, 12:15",Jalen Hawkins,jalen-hawkins,ADO Den Haag,Go Ahead Eagles,uit,afwezig,0,0,0,,0,blessure,2026-08-24
3,"zondag 23 augustus 2026, 12:15",Cameron Peupion,cameron-peupion,ADO Den Haag,Go Ahead Eagles,uit,afwezig,0,0,0,,0,blessure,2026-09-07
3,"zondag 23 augustus 2026, 14:30",Matej Kovar,matej-kovar,PSV,FC Groningen,thuis,basis,1,90,0,0,3,,2026-09-07
3,"zondag 23 augustus 2026, 14:30",Mauro Júnior,mauro-junior,PSV,FC Groningen,thuis,basis,1,75,0,0,3,,2026-09-07
3,"zondag 23 augustus 2026, 14:30",Armando Obispo,armando-obispo,PSV,FC Groningen,thuis,basis,1,85,0,0,3,,2026-09-07
3,"zondag 23 augustus 2026, 14:30",Ryan Flamingo,ryan-flamingo,PSV,FC Groningen,thuis,basis,1,90,0,0,3,,2026-09-07
3,"zondag 23 augustus 2026, 14:30",Sergiño Dest,sergino-dest,PSV,FC Groningen,thuis,basis,1,90,1,0,3,,2026-09-07
3,"zondag 23 augustus 2026, 14:30",Noah Fernandez,noah-fernandez,PSV,FC Groningen,thuis,basis,1,68,0,0,3,,2026-09-07
3,"zondag 23 augustus 2026, 14:30",Kodai Sano,kodai-sano,PSV,FC Groningen,thuis,basis,1,90,0,0,3,,2026-09-07
3,"zondag 23 augustus 2026, 14:30",Guus Til,guus-til,PSV,FC Groningen,thuis,basis,1,90,0,0,3,,2026-09-07
3,"zondag 23 augustus 2026, 14:30",Ruben van Bommel,ruben-van-bommel,PSV,FC Groningen,thuis,basis,1,68,0,0,3,,2026-09-07
3,"zondag 23 augustus 2026, 14:30",Ricardo Pepi,ricardo-pepi,PSV,FC Groningen,thuis,basis,1,90,1,0,3,,2026-09-07
3,"zondag 23 augustus 2026, 14:30",Ivan Perisic,ivan-perisic,PSV,FC Groningen,thuis,basis,1,76,2,0,3,,2026-09-07
3,"zondag 23 augustus 2026, 14:30",Nick Olij,nick-olij,PSV,FC Groningen,thuis,bank,0,0,0,,0,,2026-09-07
3,"zondag 23 augustus 2026, 14:30",Lutsharel Geertruida,lutsharel-geertruida,PSV,FC Groningen,thuis,invaller,0,5,0,0,3,,2026-09-07
3,"zondag 23 augustus 2026, 14:30",Yarek Gasiorowski,yarek-gasiorowski,PSV,FC Groningen,thuis,bank,0,0,0,,0,,2026-09-07
3,"zondag 23 augustus 2026, 14:30",Kiliann Sildillia,kiliann-sildillia,PSV,FC Groningen,thuis,bank,0,0,0,,0,,2026-09-07
3,"zondag 23 augustus 2026, 14:30",Paul Wanner,paul-wanner,PSV,FC Groningen,thuis,invaller,0,22,0,0,3,,2026-09-07
3,"zondag 23 augustus 2026, 14:30",Filip Kostic,filip-kostic,PSV,FC Groningen,thuis,invaller,0,15,0,0,3,,2026-09-07
3,"zondag 23 augustus 2026, 14:30",Sven Mijnans,sven-mijnans,PSV,FC Groningen,thuis,bank,0,0,0,,0,,2026-09-07
3,"zondag 23 augustus 2026, 14:30",Esmir Bajraktarevic,esmir-bajraktarevic,PSV,FC Groningen,thuis,bank,0,0,0,,0,,2026-09-07
3,"zondag 23 augustus 2026, 14:30",Dennis Man,dennis-man,PSV,FC Groningen,thuis,invaller,0,14,0,0,3,,2026-09-07
3,"zondag 23 augustus 2026, 14:30",Amir Bouhamdi,amir-bouhamdi,PSV,FC Groningen,thuis,invaller,0,22,0,0,3,,2026-09-07
3,"zondag 23 augustus 2026, 14:30",Jerdy Schouten,jerdy-schouten,PSV,FC Groningen,thuis,afwezig,0,0,0,,0,blessure,2026-09-07
3,"zondag 23 augustus 2026, 14:30",Alassane Pléa,alassane-plea,PSV,FC Groningen,thuis,afwezig,0,0,0,,0,blessure,2026-09-07
3,"zondag 23 augustus 2026, 14:30",Etienne Vaessen,etienne-vaessen,FC Groningen,PSV,uit,basis,1,90,0,0,0,,2026-09-07
3,"zondag 23 augustus 2026, 14:30",Wouter Prins,wouter-prins,FC Groningen,PSV,uit,basis,1,90,0,0,0,,2026-09-07
3,"zondag 23 augustus 2026, 14:30",Márk Csinger,mark-csinger,FC Groningen,PSV,uit,basis,1,90,0,0,0,,2026-09-07
3,"zondag 23 augustus 2026, 14:30",Thijmen Blokzijl,thijmen-blokzijl,FC Groningen,PSV,uit,basis,1,90,0,0,0,,2026-09-07
3,"zondag 23 augustus 2026, 14:30",Jorg Schreuders,jorg-schreuders,FC Groningen,PSV,uit,basis,1,46,0,0,0,,2026-09-07
3,"zondag 23 augustus 2026, 14:30",Tygo Land,tygo-land,FC Groningen,PSV,uit,basis,1,90,0,0,0,,2026-09-07
3,"zondag 23 augustus 2026, 14:30",Tika de Jonge,tika-de-jonge,FC Groningen,PSV,uit,basis,1,85,0,0,0,,2026-09-07
3,"zondag 23 augustus 2026, 14:30",Pelle Clement,pelle-clement,FC Groningen,PSV,uit,basis,1,90,0,0,0,,2026-09-07
3,"zondag 23 augustus 2026, 14:30",Thom van Bergen,thom-van-bergen,FC Groningen,PSV,uit,basis,1,90,0,0,0,,2026-09-07
3,"zondag 23 augustus 2026, 14:30",David van der Werff,david-van-der-werff,FC Groningen,PSV,uit,basis,1,67,0,0,0,,2026-09-07
3,"zondag 23 augustus 2026, 14:30",Brynjólfur Willumsson,brynjolfur-willumsson,FC Groningen,PSV,uit,basis,1,67,1,0,0,,2026-09-07
3,"zondag 23 augustus 2026, 14:30",Lovro Stubljar,lovro-stubljar,FC Groningen,PSV,uit,bank,0,0,0,,0,,2026-09-07
3,"zondag 23 augustus 2026, 14:30",Rijk Janse,rijk-janse,FC Groningen,PSV,uit,bank,0,0,0,,0,,2026-09-07
3,"zondag 23 augustus 2026, 14:30",Marco Rente,marco-rente,FC Groningen,PSV,uit,invaller,0,44,0,0,0,,2026-09-07
3,"zondag 23 augustus 2026, 14:30",Nikolas Brandis,nikolas-brandis,FC Groningen,PSV,uit,invaller,0,36,0,0,0,,2026-09-07
3,"zondag 23 augustus 2026, 14:30",Elvis van der Laan,elvis-van-der-laan,FC Groningen,PSV,uit,invaller,0,23,0,0,0,,2026-09-07
3,"zondag 23 augustus 2026, 14:30",Travis Hernes,travis-hernes,FC Groningen,PSV,uit,invaller,0,5,0,0,0,,2026-09-07
3,"zondag 23 augustus 2026, 14:30",Alvin Nordin,alvin-nordin,FC Groningen,PSV,uit,bank,0,0,0,,0,,2026-09-07
3,"zondag 23 augustus 2026, 14:30",Jacob Ondrejka,jacob-ondrejka,FC Groningen,PSV,uit,invaller,0,23,0,0,0,,2026-09-07
3,"zondag 23 augustus 2026, 14:30",Oskar Zawada,oskar-zawada,FC Groningen,PSV,uit,bank,0,0,0,,0,,2026-09-07
3,"zondag 23 augustus 2026, 14:30",Malcolm John Matarr Jeng,malcolm-john-matarr-jeng,FC Groningen,PSV,uit,afwezig,0,0,0,,0,blessure,2026-09-07
3,"zondag 23 augustus 2026, 14:30",Ryan Metu,ryan-metu,FC Groningen,PSV,uit,afwezig,0,0,0,,0,blessure,2026-09-07
3,"zondag 23 augustus 2026, 14:30",Tyrique Mercera,tyrique-mercera,FC Groningen,PSV,uit,afwezig,0,0,0,,0,blessure,2026-09-07
3,"zondag 23 augustus 2026, 14:30",Marco Rente,marco-rente,FC Groningen,PSV,uit,afwezig,0,0,0,,0,blessure,2026-09-07
3,"zondag 23 augustus 2026, 16:45",Thijs Jansen,thijs-jansen,SC Cambuur,Feyenoord,thuis,basis,1,90,0,0,0,,2026-09-07
3,"zondag 23 augustus 2026, 16:45",Lucas Jetten,lucas-jetten,SC Cambuur,Feyenoord,thuis,basis,1,62,0,0,0,,2026-09-07
3,"zondag 23 augustus 2026, 16:45",Jamal Amofa,jamal-amofa,SC Cambuur,Feyenoord,thuis,basis,1,90,0,0,0,,2026-09-07
3,"zondag 23 augustus 2026, 16:45",Ismaël Baouf,ismael-baouf,SC Cambuur,Feyenoord,thuis,basis,1,90,0,0,0,,2026-09-07
3,"zondag 23 augustus 2026, 16:45",Wiebe Kooistra,wiebe-kooistra,SC Cambuur,Feyenoord,thuis,basis,1,90,0,0,0,,2026-09-07
3,"zondag 23 augustus 2026, 16:45",Skye Vink,skye-vink,SC Cambuur,Feyenoord,thuis,basis,1,46,0,0,0,,2026-09-07
3,"zondag 23 augustus 2026, 16:45",Nicky Souren,nicky-souren,SC Cambuur,Feyenoord,thuis,basis,1,90,0,0,0,,2026-09-07
3,"zondag 23 augustus 2026, 16:45",Rafik El Arguioui,rafik-el-arguioui,SC Cambuur,Feyenoord,thuis,basis,1,90,2,0,0,,2026-09-07
3,"zondag 23 augustus 2026, 16:45",Ilyes Hamache,ilyes-hamache,SC Cambuur,Feyenoord,thuis,basis,1,46,0,0,0,,2026-09-07
3,"zondag 23 augustus 2026, 16:45",Sami Bouhoudane,sami-bouhoudane,SC Cambuur,Feyenoord,thuis,basis,1,62,0,0,0,,2026-09-07
3,"zondag 23 augustus 2026, 16:45",Iwan Henstra,iwan-henstra,SC Cambuur,Feyenoord,thuis,basis,1,84,0,0,0,,2026-09-07
3,"zondag 23 augustus 2026, 16:45",S Vink,s-vink,SC Cambuur,Feyenoord,thuis,bank,0,0,0,,0,,2026-09-07
3,"zondag 23 augustus 2026, 16:45",Jasper Meijster,jasper-meijster,SC Cambuur,Feyenoord,thuis,bank,0,0,0,,0,,2026-09-07
3,"zondag 23 augustus 2026, 16:45",Matthijs Kalisvaart,matthijs-kalisvaart,SC Cambuur,Feyenoord,thuis,bank,0,0,0,,0,,2026-09-07
3,"zondag 23 augustus 2026, 16:45",Jorn Berkhout,jorn-berkhout,SC Cambuur,Feyenoord,thuis,bank,0,0,0,,0,,2026-09-07
3,"zondag 23 augustus 2026, 16:45",Rik Mulders,rik-mulders,SC Cambuur,Feyenoord,thuis,bank,0,0,0,,0,,2026-09-07
3,"zondag 23 augustus 2026, 16:45",Morgan Costarelli,morgan-costarelli,SC Cambuur,Feyenoord,thuis,invaller,0,44,0,0,0,,2026-09-07
3,"zondag 23 augustus 2026, 16:45",Devid Eugene Bouah,devid-eugene-bouah,SC Cambuur,Feyenoord,thuis,invaller,0,6,0,0,0,,2026-09-07
3,"zondag 23 augustus 2026, 16:45",Ethan Apkakou,ethan-apkakou,SC Cambuur,Feyenoord,thuis,invaller,0,44,0,0,0,,2026-09-07
3,"zondag 23 augustus 2026, 16:45",Nicolas Binder,nicolas-binder,SC Cambuur,Feyenoord,thuis,invaller,0,28,0,0,0,,2026-09-07
3,"zondag 23 augustus 2026, 16:45",F Kvam,f-kvam,SC Cambuur,Feyenoord,thuis,bank,0,0,0,,0,,2026-09-07
3,"zondag 23 augustus 2026, 16:45",Nicolas Binder,nicolas-binder,SC Cambuur,Feyenoord,thuis,afwezig,0,0,0,,0,blessure,2026-08-31
3,"zondag 23 augustus 2026, 16:45",Tjark Ernst,tjark-ernst,Feyenoord,SC Cambuur,uit,basis,1,90,0,0,3,,2026-09-07
3,"zondag 23 augustus 2026, 16:45",Mika Mármol,mika-marmol,Feyenoord,SC Cambuur,uit,basis,1,90,0,0,3,,2026-09-07
3,"zondag 23 augustus 2026, 16:45",Jeremiah St. Juste,jeremiah-st-juste,Feyenoord,SC Cambuur,uit,basis,1,90,0,0,3,,2026-09-07
3,"zondag 23 augustus 2026, 16:45",Tsuyoshi Watanabe,tsuyoshi-watanabe,Feyenoord,SC Cambuur,uit,basis,1,67,0,0,3,,2026-09-07
3,"zondag 23 augustus 2026, 16:45",Givairo Read,givairo-read,Feyenoord,SC Cambuur,uit,basis,1,81,0,0,3,,2026-09-07
3,"zondag 23 augustus 2026, 16:45",Luciano Valente,luciano-valente,Feyenoord,SC Cambuur,uit,basis,1,90,1,0,3,,2026-09-07
3,"zondag 23 augustus 2026, 16:45",Charles Vanhoutte,charles-vanhoutte,Feyenoord,SC Cambuur,uit,basis,1,90,0,0,3,,2026-09-07
3,"zondag 23 augustus 2026, 16:45",Gjivai Zechiël,gjivai-zechiel,Feyenoord,SC Cambuur,uit,basis,1,90,2,0,3,,2026-09-07
3,"zondag 23 augustus 2026, 16:45",Gaoussou Diarra,gaoussou-diarra,Feyenoord,SC Cambuur,uit,basis,1,67,0,0,3,,2026-09-07
3,"zondag 23 augustus 2026, 16:45",Ayase Ueda,ayase-ueda,Feyenoord,SC Cambuur,uit,basis,1,67,1,0,3,,2026-09-07
3,"zondag 23 augustus 2026, 16:45",Anis Hadj Moussa,anis-hadj-moussa,Feyenoord,SC Cambuur,uit,basis,1,84,0,0,3,,2026-09-07
3,"zondag 23 augustus 2026, 16:45",Liam Bossin,liam-bossin,Feyenoord,SC Cambuur,uit,bank,0,0,0,,0,,2026-09-07
3,"zondag 23 augustus 2026, 16:45",Javi Lopez,javi-lopez,Feyenoord,SC Cambuur,uit,invaller,0,23,0,0,3,,2026-09-07
3,"zondag 23 augustus 2026, 16:45",Mats Deijl,mats-deijl,Feyenoord,SC Cambuur,uit,bank,0,0,0,,0,,2026-09-07
3,"zondag 23 augustus 2026, 16:45",Jordan Lotomba,jordan-lotomba,Feyenoord,SC Cambuur,uit,invaller,0,9,0,0,3,,2026-08-31
3,"zondag 23 augustus 2026, 16:45",Sem Steijn,sem-steijn,Feyenoord,SC Cambuur,uit,bank,0,0,0,,0,,2026-09-07
3,"zondag 23 augustus 2026, 16:45",Tobias van den Elshout,tobias-van-den-elshout,Feyenoord,SC Cambuur,uit,bank,0,0,0,,0,,2026-09-07
3,"zondag 23 augustus 2026, 16:45",Thijs Kraaijeveld,thijs-kraaijeveld,Feyenoord,SC Cambuur,uit,bank,0,0,0,,0,,2026-09-07
3,"zondag 23 augustus 2026, 16:45",Oussama Targhalline,oussama-targhalline,Feyenoord,SC Cambuur,uit,invaller,0,23,0,0,3,,2026-09-07
3,"zondag 23 augustus 2026, 16:45",Casper Tengstedt,casper-tengstedt,Feyenoord,SC Cambuur,uit,bank,0,0,0,,0,,2026-08-31
3,"zondag 23 augustus 2026, 16:45",Nacho Ferri,nacho-ferri,Feyenoord,SC Cambuur,uit,invaller,0,23,0,0,3,,2026-09-07
3,"zondag 23 augustus 2026, 16:45",Jivayno Zinhagel,jivayno-zinhagel,Feyenoord,SC Cambuur,uit,bank,0,0,0,,0,,2026-09-07
3,"zondag 23 augustus 2026, 16:45",Shaqueel van Persie,shaqueel-van-persie,Feyenoord,SC Cambuur,uit,invaller,0,6,0,0,3,,2026-09-07
3,"zondag 23 augustus 2026, 16:45",Gonçalo Oscar Albuquerque Borges,goncalo-oscar-albuquerque-borges,Feyenoord,SC Cambuur,uit,afwezig,0,0,0,,0,blessure,2026-09-07
3,"zondag 23 augustus 2026, 16:45",Jordan Bos,jordan-bos,Feyenoord,SC Cambuur,uit,afwezig,0,0,0,,0,blessure,2026-09-07
3,"zondag 23 augustus 2026, 16:45",Gijs Smal,gijs-smal,Feyenoord,SC Cambuur,uit,afwezig,0,0,0,,0,blessure,2026-09-07
3,"zaterdag 22 augustus 2026, 21:00",Bernt Klaverboer,bernt-klaverboer,sc Heerenveen,PEC Zwolle,thuis,basis,1,90,0,0,0,,2026-09-07
3,"zaterdag 22 augustus 2026, 21:00",Vasilios Zagaritis,vasilios-zagaritis,sc Heerenveen,PEC Zwolle,thuis,basis,1,90,0,0,0,,2026-09-07
3,"zaterdag 22 augustus 2026, 21:00",Maas Willemsen,maas-willemsen,sc Heerenveen,PEC Zwolle,thuis,basis,1,90,0,0,0,,2026-09-07
3,"zaterdag 22 augustus 2026, 21:00",Sam Kersten,sam-kersten,sc Heerenveen,PEC Zwolle,thuis,basis,1,90,0,0,0,,2026-09-07
3,"zaterdag 22 augustus 2026, 21:00",Oliver Braude,oliver-braude,sc Heerenveen,PEC Zwolle,thuis,basis,1,66,0,0,0,,2026-09-07
3,"zaterdag 22 augustus 2026, 21:00",Dirk Proper,dirk-proper,sc Heerenveen,PEC Zwolle,thuis,basis,1,65,0,0,0,,2026-09-07
3,"zaterdag 22 augustus 2026, 21:00",Marcus Linday,marcus-linday,sc Heerenveen,PEC Zwolle,thuis,basis,1,90,0,0,0,,2026-09-07
3,"zaterdag 22 augustus 2026, 21:00",Maxence Rivera,maxence-rivera,sc Heerenveen,PEC Zwolle,thuis,basis,1,66,0,0,0,,2026-09-07
3,"zaterdag 22 augustus 2026, 21:00",Ringo Meerveld,ringo-meerveld,sc Heerenveen,PEC Zwolle,thuis,basis,1,80,0,0,0,,2026-09-07
3,"zaterdag 22 augustus 2026, 21:00",Jacob Trenskow,jacob-trenskow,sc Heerenveen,PEC Zwolle,thuis,basis,1,90,0,0,0,,2026-09-07
3,"zaterdag 22 augustus 2026, 21:00",Dylan Vente,dylan-vente,sc Heerenveen,PEC Zwolle,thuis,basis,1,90,0,0,0,,2026-09-07
3,"zaterdag 22 augustus 2026, 21:00",T Schreuder,t-schreuder,sc Heerenveen,PEC Zwolle,thuis,bank,0,0,0,,0,,2026-09-07
3,"zaterdag 22 augustus 2026, 21:00",Andries Noppert,andries-noppert,sc Heerenveen,PEC Zwolle,thuis,bank,0,0,0,,0,,2026-09-07
3,"zaterdag 22 augustus 2026, 21:00",Nikolai Hopland,nikolai-hopland,sc Heerenveen,PEC Zwolle,thuis,bank,0,0,0,,0,,2026-08-31
3,"zaterdag 22 augustus 2026, 21:00",Darling Bladi,darling-bladi,sc Heerenveen,PEC Zwolle,thuis,bank,0,0,0,,0,,2026-09-07
3,"zaterdag 22 augustus 2026, 21:00",Hristiyan Petrov,hristiyan-petrov,sc Heerenveen,PEC Zwolle,thuis,invaller,0,24,0,0,0,,2026-09-07
3,"zaterdag 22 augustus 2026, 21:00",Luuk Brouwers,luuk-brouwers,sc Heerenveen,PEC Zwolle,thuis,invaller,0,10,0,0,0,,2026-09-07
3,"zaterdag 22 augustus 2026, 21:00",Levi Smans,levi-smans,sc Heerenveen,PEC Zwolle,thuis,invaller,0,25,0,0,0,,2026-09-07
3,"zaterdag 22 augustus 2026, 21:00",Nolhan Courtens,nolhan-courtens,sc Heerenveen,PEC Zwolle,thuis,bank,0,0,0,,0,,2026-09-07
3,"zaterdag 22 augustus 2026, 21:00",Luca Oyen,luca-oyen,sc Heerenveen,PEC Zwolle,thuis,bank,0,0,0,,0,,2026-09-07
3,"zaterdag 22 augustus 2026, 21:00",Lanroy Machine,lanroy-machine,sc Heerenveen,PEC Zwolle,thuis,invaller,0,24,0,0,0,,2026-09-07
3,"zaterdag 22 augustus 2026, 21:00",Luuk Brouwers,luuk-brouwers,sc Heerenveen,PEC Zwolle,thuis,afwezig,0,0,0,,0,blessure,2026-08-31
3,"zaterdag 22 augustus 2026, 21:00",Mats Egbring,mats-egbring,sc Heerenveen,PEC Zwolle,thuis,afwezig,0,0,0,,0,blessure,2026-09-07
3,"zaterdag 22 augustus 2026, 21:00",Nikolai Søyset Hopland,nikolai-soyset-hopland,sc Heerenveen,PEC Zwolle,thuis,afwezig,0,0,0,,0,blessure,2026-09-07
3,"zaterdag 22 augustus 2026, 21:00",Jasper Schendelaar,jasper-schendelaar,PEC Zwolle,sc Heerenveen,uit,basis,1,90,0,1,3,,2026-09-07
3,"zaterdag 22 augustus 2026, 21:00",Damian van der Haar,damian-van-der-haar,PEC Zwolle,sc Heerenveen,uit,basis,1,90,0,1,3,,2026-09-07
3,"zaterdag 22 augustus 2026, 21:00",Nick Viergever,nick-viergever,PEC Zwolle,sc Heerenveen,uit,basis,1,90,1,1,3,,2026-09-07
3,"zaterdag 22 augustus 2026, 21:00",Simon Graves,simon-graves,PEC Zwolle,sc Heerenveen,uit,basis,1,90,0,1,3,,2026-09-07
3,"zaterdag 22 augustus 2026, 21:00",Olivier Aertssen,olivier-aertssen,PEC Zwolle,sc Heerenveen,uit,basis,1,90,0,1,3,,2026-09-07
3,"zaterdag 22 augustus 2026, 21:00",Tobias Sommer,tobias-sommer,PEC Zwolle,sc Heerenveen,uit,basis,1,90,0,1,3,,2026-09-07
3,"zaterdag 22 augustus 2026, 21:00",Ryan Thomas,ryan-thomas,PEC Zwolle,sc Heerenveen,uit,basis,1,90,0,1,3,,2026-09-07
3,"zaterdag 22 augustus 2026, 21:00",Elias Sørensen,elias-sorensen,PEC Zwolle,sc Heerenveen,uit,basis,1,73,0,1,3,,2026-09-07
3,"zaterdag 22 augustus 2026, 21:00",Thijs Oosting,thijs-oosting,PEC Zwolle,sc Heerenveen,uit,basis,1,87,0,1,3,,2026-09-07
3,"zaterdag 22 augustus 2026, 21:00",Dylan Mbayo,dylan-mbayo,PEC Zwolle,sc Heerenveen,uit,basis,1,77,0,1,3,,2026-09-07
3,"zaterdag 22 augustus 2026, 21:00",Koen Kostons,koen-kostons,PEC Zwolle,sc Heerenveen,uit,basis,1,87,1,1,3,,2026-09-07
3,"zaterdag 22 augustus 2026, 21:00",T Sommer,t-sommer,PEC Zwolle,sc Heerenveen,uit,bank,0,0,0,,0,,2026-09-07
3,"zaterdag 22 augustus 2026, 21:00",Elias Srensen,elias-srensen,PEC Zwolle,sc Heerenveen,uit,bank,0,0,0,,0,,2026-09-07
3,"zaterdag 22 augustus 2026, 21:00",Tom de Graaff,tom-de-graaff,PEC Zwolle,sc Heerenveen,uit,bank,0,0,0,,0,,2026-09-07
3,"zaterdag 22 augustus 2026, 21:00",Duke Verduin,duke-verduin,PEC Zwolle,sc Heerenveen,uit,bank,0,0,0,,0,,2026-09-07
3,"zaterdag 22 augustus 2026, 21:00",Tijs Velthuis,tijs-velthuis,PEC Zwolle,sc Heerenveen,uit,invaller,0,3,0,1,3,,2026-09-07
3,"zaterdag 22 augustus 2026, 21:00",Odysseus Velanas,odysseus-velanas,PEC Zwolle,sc Heerenveen,uit,invaller,0,3,0,1,3,,2026-09-07
3,"zaterdag 22 augustus 2026, 21:00",Gabriel Reiziger,gabriel-reiziger,PEC Zwolle,sc Heerenveen,uit,invaller,0,13,0,1,3,,2026-09-07
3,"zaterdag 22 augustus 2026, 21:00",Jadiel Pereira Da Gama,jadiel-pereira-da-gama,PEC Zwolle,sc Heerenveen,uit,bank,0,0,0,,0,,2026-09-07
3,"zaterdag 22 augustus 2026, 21:00",Nick Fichtinger,nick-fichtinger,PEC Zwolle,sc Heerenveen,uit,bank,0,0,0,,0,,2026-09-07
3,"zaterdag 22 augustus 2026, 21:00",Givaro Rahajaan,givaro-rahajaan,PEC Zwolle,sc Heerenveen,uit,bank,0,0,0,,0,,2026-09-07
3,"zaterdag 22 augustus 2026, 21:00",Ibrahim Cissoko,ibrahim-cissoko,PEC Zwolle,sc Heerenveen,uit,invaller,0,17,0,1,3,,2026-09-07
3,"zaterdag 22 augustus 2026, 21:00",Jan Bürger,jan-burger,PEC Zwolle,sc Heerenveen,uit,afwezig,0,0,0,,0,blessure,2026-09-06
3,"zaterdag 22 augustus 2026, 18:45",Filip Bednarek,filip-bednarek,Sparta Rotterdam,FC Utrecht,thuis,basis,1,90,0,0,1,,2026-09-07
3,"zaterdag 22 augustus 2026, 18:45",Bruno Martins Indi,bruno-martins-indi,Sparta Rotterdam,FC Utrecht,thuis,basis,1,62,0,0,1,,2026-09-07
3,"zaterdag 22 augustus 2026, 18:45",Nick Verschuren,nick-verschuren,Sparta Rotterdam,FC Utrecht,thuis,basis,1,90,1,0,1,,2026-09-07
3,"zaterdag 22 augustus 2026, 18:45",Marvin Young,marvin-young,Sparta Rotterdam,FC Utrecht,thuis,basis,1,79,1,0,1,,2026-09-07
3,"zaterdag 22 augustus 2026, 18:45",Bas Kuipers,bas-kuipers,Sparta Rotterdam,FC Utrecht,thuis,basis,1,90,0,0,1,,2026-09-07
3,"zaterdag 22 augustus 2026, 18:45",Julian Baas,julian-baas,Sparta Rotterdam,FC Utrecht,thuis,basis,1,86,0,0,1,,2026-09-07
3,"zaterdag 22 augustus 2026, 18:45",Shunsuke Mito,shunsuke-mito,Sparta Rotterdam,FC Utrecht,thuis,basis,1,90,0,0,1,,2026-09-07
3,"zaterdag 22 augustus 2026, 18:45",Lushendry Martes,lushendry-martes,Sparta Rotterdam,FC Utrecht,thuis,basis,1,90,0,0,1,,2026-09-07
3,"zaterdag 22 augustus 2026, 18:45",Ayoni Santos,ayoni-santos,Sparta Rotterdam,FC Utrecht,thuis,basis,1,90,0,0,1,,2026-09-07
3,"zaterdag 22 augustus 2026, 18:45",Nökkvi Thórisson,nokkvi-thorisson,Sparta Rotterdam,FC Utrecht,thuis,basis,1,62,0,0,1,,2026-09-07
3,"zaterdag 22 augustus 2026, 18:45",Robin van Cruijsen,robin-van-cruijsen,Sparta Rotterdam,FC Utrecht,thuis,basis,1,79,0,0,1,,2026-09-07
3,"zaterdag 22 augustus 2026, 18:45",Lushendry Edward Martes,lushendry-edward-martes,Sparta Rotterdam,FC Utrecht,thuis,bank,0,0,0,,0,,2026-09-07
3,"zaterdag 22 augustus 2026, 18:45",Pascal Kuiper,pascal-kuiper,Sparta Rotterdam,FC Utrecht,thuis,bank,0,0,0,,0,,2026-09-07
3,"zaterdag 22 augustus 2026, 18:45",Rik Suur,rik-suur,Sparta Rotterdam,FC Utrecht,thuis,bank,0,0,0,,0,,2026-09-07
3,"zaterdag 22 augustus 2026, 18:45",Boyd Reith,boyd-reith,Sparta Rotterdam,FC Utrecht,thuis,bank,0,0,0,,0,,2026-09-07
3,"zaterdag 22 augustus 2026, 18:45",Teo Quintero,teo-quintero,Sparta Rotterdam,FC Utrecht,thuis,invaller,0,11,0,0,1,,2026-09-07
3,"zaterdag 22 augustus 2026, 18:45",Giannino Vianello,giannino-vianello,Sparta Rotterdam,FC Utrecht,thuis,bank,0,0,0,,0,,2026-09-07
3,"zaterdag 22 augustus 2026, 18:45",A Roaldsy,a-roaldsy,Sparta Rotterdam,FC Utrecht,thuis,bank,0,0,0,,0,,2026-09-07
3,"zaterdag 22 augustus 2026, 18:45",Jens Toornstra,jens-toornstra,Sparta Rotterdam,FC Utrecht,thuis,bank,0,0,0,,0,,2026-09-07
3,"zaterdag 22 augustus 2026, 18:45",Younes Jaber El Maftahi,younes-jaber-el-maftahi,Sparta Rotterdam,FC Utrecht,thuis,bank,0,0,0,,0,,2026-08-31
3,"zaterdag 22 augustus 2026, 18:45",Joel Ideho,joel-ideho,Sparta Rotterdam,FC Utrecht,thuis,invaller,0,11,0,0,1,,2026-09-07
3,"zaterdag 22 augustus 2026, 18:45",Mitchell van Bergen,mitchell-van-bergen,Sparta Rotterdam,FC Utrecht,thuis,invaller,0,28,0,0,1,,2026-09-07
3,"zaterdag 22 augustus 2026, 18:45",Milan Zonneveld,milan-zonneveld,Sparta Rotterdam,FC Utrecht,thuis,invaller,0,28,1,0,1,,2026-09-07
3,"zaterdag 22 augustus 2026, 18:45",Casper Terho,casper-terho,Sparta Rotterdam,FC Utrecht,thuis,invaller,0,4,0,0,1,,2026-09-07
3,"zaterdag 22 augustus 2026, 18:45",Max de Ligt,max-de-ligt,Sparta Rotterdam,FC Utrecht,thuis,afwezig,0,0,0,,0,blessure,2026-09-07
3,"zaterdag 22 augustus 2026, 18:45",Vasilios Barkas,vasilios-barkas,FC Utrecht,Sparta Rotterdam,uit,basis,1,90,0,0,1,,2026-09-07
3,"zaterdag 22 augustus 2026, 18:45",Neville Ogidi Nwankwo,neville-ogidi-nwankwo,FC Utrecht,Sparta Rotterdam,uit,basis,1,72,0,0,1,,2026-09-07
3,"zaterdag 22 augustus 2026, 18:45",Matisse Didden,matisse-didden,FC Utrecht,Sparta Rotterdam,uit,basis,1,90,1,0,1,,2026-09-07
3,"zaterdag 22 augustus 2026, 18:45",Siebe Horemans,siebe-horemans,FC Utrecht,Sparta Rotterdam,uit,basis,1,77,0,0,1,,2026-09-07
3,"zaterdag 22 augustus 2026, 18:45",Arthur Zagré,arthur-zagre,FC Utrecht,Sparta Rotterdam,uit,basis,1,90,0,0,1,,2026-09-07
3,"zaterdag 22 augustus 2026, 18:45",Davy van den Berg,davy-van-den-berg,FC Utrecht,Sparta Rotterdam,uit,basis,1,90,0,0,1,,2026-09-07
3,"zaterdag 22 augustus 2026, 18:45",Dani de Wit,dani-de-wit,FC Utrecht,Sparta Rotterdam,uit,basis,1,90,0,0,1,,2026-09-07
3,"zaterdag 22 augustus 2026, 18:45",Niklas Vesterlund,niklas-vesterlund,FC Utrecht,Sparta Rotterdam,uit,basis,1,90,0,0,1,,2026-09-07
3,"zaterdag 22 augustus 2026, 18:45",Yoann Cathline,yoann-cathline,FC Utrecht,Sparta Rotterdam,uit,basis,1,73,0,0,1,,2026-09-07
3,"zaterdag 22 augustus 2026, 18:45",Artem Stepanov,artem-stepanov,FC Utrecht,Sparta Rotterdam,uit,basis,1,73,1,0,1,,2026-09-07
3,"zaterdag 22 augustus 2026, 18:45",Ángel Alarcón,angel-alarcon,FC Utrecht,Sparta Rotterdam,uit,basis,1,62,0,0,1,,2026-09-07
3,"zaterdag 22 augustus 2026, 18:45",Michael Brouwer,michael-brouwer,FC Utrecht,Sparta Rotterdam,uit,bank,0,0,0,,0,,2026-09-07
3,"zaterdag 22 augustus 2026, 18:45",Kevin Gadellaa,kevin-gadellaa,FC Utrecht,Sparta Rotterdam,uit,bank,0,0,0,,0,,2026-09-07
3,"zaterdag 22 augustus 2026, 18:45",Guus Offerhaus,guus-offerhaus,FC Utrecht,Sparta Rotterdam,uit,invaller,0,13,0,0,1,,2026-09-07
3,"zaterdag 22 augustus 2026, 18:45",Zidane Iqbal,zidane-iqbal,FC Utrecht,Sparta Rotterdam,uit,bank,0,0,0,,0,,2026-08-31
3,"zaterdag 22 augustus 2026, 18:45",Kevin Paredes,kevin-paredes,FC Utrecht,Sparta Rotterdam,uit,invaller,0,28,0,0,1,,2026-09-07
3,"zaterdag 22 augustus 2026, 18:45",David Min,david-min,FC Utrecht,Sparta Rotterdam,uit,invaller,0,17,0,0,1,,2026-08-26
3,"zaterdag 22 augustus 2026, 18:45",Adrian Blake,adrian-blake,FC Utrecht,Sparta Rotterdam,uit,invaller,0,17,1,0,1,,2026-09-07
3,"zaterdag 22 augustus 2026, 18:45",Emmanuel Chigozie Owen,emmanuel-chigozie-owen,FC Utrecht,Sparta Rotterdam,uit,bank,0,0,0,,0,,2026-09-07
3,"zaterdag 22 augustus 2026, 18:45",Ferdinand Pohl,ferdinand-pohl,FC Utrecht,Sparta Rotterdam,uit,afwezig,0,0,0,,0,blessure,2026-08-26
3,"zaterdag 22 augustus 2026, 18:45",Andrej Kostić,andrej-kostic,Sparta Rotterdam,FC Utrecht,thuis,afwezig,0,0,0,,0,schorsing,2026-08-26
1,"zondag 9 augustus 2026, 14:30",Jesper Mosselaar,jesper-mosselaar,FC Groningen,FC Utrecht,thuis,bank,0,0,0,,0,,2026-09-07
1,"zondag 9 augustus 2026, 14:30",Per Kloosterboer,per-kloosterboer,FC Utrecht,FC Groningen,uit,bank,0,0,0,,0,,2026-09-07
1,"zondag 9 augustus 2026, 14:30",Victor Jensen,victor-jensen,FC Utrecht,FC Groningen,uit,afwezig,0,0,0,,0,blessure,2026-09-07
1,"zaterdag 8 augustus 2026, 18:45",Lasse Abildgaard,lasse-abildgaard,Willem II,Go Ahead Eagles,uit,afwezig,0,0,0,,0,blessure,2026-08-31
2,"zondag 16 augustus 2026, 12:15",Jonas Jensen-Abbew,jonas-jensen-abbew,ADO Den Haag,FC Groningen,thuis,afwezig,0,0,0,,0,blessure,2026-08-31
2,"zondag 16 augustus 2026, 12:15",Jesper Mosselaar,jesper-mosselaar,FC Groningen,ADO Den Haag,uit,bank,0,0,0,,0,,2026-09-07
2,"zaterdag 15 augustus 2026, 18:45",Per Kloosterboer,per-kloosterboer,FC Utrecht,AZ,thuis,bank,0,0,0,,0,,2026-09-07
2,"zaterdag 15 augustus 2026, 18:45",Victor Jensen,victor-jensen,FC Utrecht,AZ,thuis,afwezig,0,0,0,,0,blessure,2026-09-07
2,"zaterdag 15 augustus 2026, 16:30",Lasse Abildgaard,lasse-abildgaard,Willem II,NEC,thuis,afwezig,0,0,0,,0,blessure,2026-08-31
3,"zondag 23 augustus 2026, 12:15",Jonas Jensen-Abbew,jonas-jensen-abbew,ADO Den Haag,Go Ahead Eagles,uit,afwezig,0,0,0,,0,blessure,2026-08-31
3,"zondag 23 augustus 2026, 14:30",Jesper Mosselaar,jesper-mosselaar,FC Groningen,PSV,uit,bank,0,0,0,,0,,2026-09-07
3,"zaterdag 22 augustus 2026, 18:45",Per Kloosterboer,per-kloosterboer,FC Utrecht,Sparta Rotterdam,uit,invaller,0,18,0,0,1,,2026-09-07
3,"zaterdag 22 augustus 2026, 18:45",Marius Sivertsen Broholm,marius-sivertsen-broholm,FC Utrecht,Sparta Rotterdam,uit,afwezig,0,0,0,,0,blessure,2026-09-07
3,"zaterdag 22 augustus 2026, 18:45",Victor Jensen,victor-jensen,FC Utrecht,Sparta Rotterdam,uit,afwezig,0,0,0,,0,blessure,2026-09-07
4,"zaterdag 29 augustus 2026, 18:45",Jari De Busser,jari-de-busser,AZ,Go Ahead Eagles,thuis,basis,1,90,0,0,3,,2026-09-07
4,"zaterdag 29 augustus 2026, 18:45",Mateo Chávez,mateo-chavez,AZ,Go Ahead Eagles,thuis,basis,1,83,1,0,3,,2026-09-07
4,"zaterdag 29 augustus 2026, 18:45",Lewis Schouten,lewis-schouten,AZ,Go Ahead Eagles,thuis,basis,1,90,1,0,3,,2026-09-07
4,"zaterdag 29 augustus 2026, 18:45",Wouter Goes,wouter-goes,AZ,Go Ahead Eagles,thuis,basis,1,90,0,0,3,,2026-09-07
4,"zaterdag 29 augustus 2026, 18:45",Elijah Dijkstra,elijah-dijkstra,AZ,Go Ahead Eagles,thuis,basis,1,77,0,0,3,,2026-09-07
4,"zaterdag 29 augustus 2026, 18:45",Peer Koopmeiners,peer-koopmeiners,AZ,Go Ahead Eagles,thuis,basis,1,90,0,0,3,,2026-09-07
4,"zaterdag 29 augustus 2026, 18:45",Dave Kwakman,dave-kwakman,AZ,Go Ahead Eagles,thuis,basis,1,64,1,0,3,,2026-09-07
4,"zaterdag 29 augustus 2026, 18:45",Ro-Zangelo Daal,ro-zangelo-daal,AZ,Go Ahead Eagles,thuis,basis,1,90,2,0,3,,2026-09-07
4,"zaterdag 29 augustus 2026, 18:45",Kees Smit,kees-smit,AZ,Go Ahead Eagles,thuis,basis,1,77,0,0,3,,2026-09-07
4,"zaterdag 29 augustus 2026, 18:45",Weslley Patati,weslley-patati,AZ,Go Ahead Eagles,thuis,basis,1,64,0,0,3,,2026-09-07
4,"zaterdag 29 augustus 2026, 18:45",Mexx Meerdink,mexx-meerdink,AZ,Go Ahead Eagles,thuis,basis,1,90,0,0,3,,2026-09-07
4,"zaterdag 29 augustus 2026, 18:45",Rome Jayden Owusu Oduro,rome-jayden-owusu-oduro,AZ,Go Ahead Eagles,thuis,bank,0,0,0,,0,,2026-09-07
4,"zaterdag 29 augustus 2026, 18:45",Seiya Maikuma,seiya-maikuma,AZ,Go Ahead Eagles,thuis,invaller,0,13,0,0,3,,2026-09-07
4,"zaterdag 29 augustus 2026, 18:45",Andrea Natali,andrea-natali,AZ,Go Ahead Eagles,thuis,bank,0,0,0,,0,,2026-09-07
4,"zaterdag 29 augustus 2026, 18:45",Rion Ichihara,rion-ichihara,AZ,Go Ahead Eagles,thuis,bank,0,0,0,,0,,2026-09-07
4,"zaterdag 29 augustus 2026, 18:45",Mees de Wit,mees-de-wit,AZ,Go Ahead Eagles,thuis,invaller,0,7,0,0,3,,2026-09-07
4,"zaterdag 29 augustus 2026, 18:45",Jordy Clasie,jordy-clasie,AZ,Go Ahead Eagles,thuis,invaller,0,26,0,0,3,,2026-09-07
4,"zaterdag 29 augustus 2026, 18:45",Calvin Stengs,calvin-stengs,AZ,Go Ahead Eagles,thuis,invaller,0,26,0,0,3,,2026-09-07
4,"zaterdag 29 augustus 2026, 18:45",Jizz Hornkamp,jizz-hornkamp,AZ,Go Ahead Eagles,thuis,bank,0,0,0,,0,,2026-09-07
4,"zaterdag 29 augustus 2026, 18:45",Ayoub Oufkir,ayoub-oufkir,AZ,Go Ahead Eagles,thuis,invaller,0,13,0,0,3,,2026-09-07
4,"zaterdag 29 augustus 2026, 18:45",Bendeguz Kovacs,bendeguz-kovacs,AZ,Go Ahead Eagles,thuis,bank,0,0,0,,0,,2026-09-07
4,"zaterdag 29 augustus 2026, 18:45",Stije Resink,stije-resink,AZ,Go Ahead Eagles,thuis,afwezig,0,0,0,,0,blessure,2026-09-07
4,"zaterdag 29 augustus 2026, 18:45",Denso Kasius,denso-kasius,AZ,Go Ahead Eagles,thuis,afwezig,0,0,0,,0,blessure,2026-09-07
4,"zaterdag 29 augustus 2026, 18:45",Matěj Šín,matej-sin,AZ,Go Ahead Eagles,thuis,afwezig,0,0,0,,0,blessure,2026-08-31
4,"zaterdag 29 augustus 2026, 18:45",Elijah Dijkstra,elijah-dijkstra,AZ,Go Ahead Eagles,thuis,afwezig,0,0,0,,0,blessure,2026-08-31
4,"zaterdag 29 augustus 2026, 18:45",Kjetil Haug,kjetil-haug,Go Ahead Eagles,AZ,uit,basis,1,90,0,0,0,,2026-09-07
4,"zaterdag 29 augustus 2026, 18:45",Dean James,dean-james,Go Ahead Eagles,AZ,uit,basis,1,77,0,0,0,,2026-09-07
4,"zaterdag 29 augustus 2026, 18:45",Joris Kramer,joris-kramer,Go Ahead Eagles,AZ,uit,basis,1,90,0,0,0,,2026-09-07
4,"zaterdag 29 augustus 2026, 18:45",Julius Dirksen,julius-dirksen,Go Ahead Eagles,AZ,uit,basis,1,90,0,0,0,,2026-09-07
4,"zaterdag 29 augustus 2026, 18:45",Alfons Sampsted,alfons-sampsted,Go Ahead Eagles,AZ,uit,basis,1,59,0,0,0,,2026-09-07
4,"zaterdag 29 augustus 2026, 18:45",Melle Meulensteen,melle-meulensteen,Go Ahead Eagles,AZ,uit,basis,1,90,0,0,0,,2026-09-07
4,"zaterdag 29 augustus 2026, 18:45",Evert Linthorst,evert-linthorst,Go Ahead Eagles,AZ,uit,basis,1,90,0,0,0,,2026-09-07
4,"zaterdag 29 augustus 2026, 18:45",Mathis Suray,mathis-suray,Go Ahead Eagles,AZ,uit,basis,1,90,1,0,0,,2026-09-07
4,"zaterdag 29 augustus 2026, 18:45",Victor Edvardsen,victor-edvardsen,Go Ahead Eagles,AZ,uit,basis,1,59,1,0,0,,2026-09-07
4,"zaterdag 29 augustus 2026, 18:45",Søren Tengstedt,soren-tengstedt,Go Ahead Eagles,AZ,uit,basis,1,69,0,0,0,,2026-09-07
4,"zaterdag 29 augustus 2026, 18:45",Erik Flataker,erik-flataker,Go Ahead Eagles,AZ,uit,basis,1,46,0,0,0,,2026-09-07
4,"zaterdag 29 augustus 2026, 18:45",Sren Tengstedt,sren-tengstedt,Go Ahead Eagles,AZ,uit,bank,0,0,0,,0,,2026-09-07
4,"zaterdag 29 augustus 2026, 18:45",Nando Verdoni,nando-verdoni,Go Ahead Eagles,AZ,uit,bank,0,0,0,,0,,2026-09-07
4,"zaterdag 29 augustus 2026, 18:45",Tino Jukic,tino-jukic,Go Ahead Eagles,AZ,uit,bank,0,0,0,,0,,2026-09-07
4,"zaterdag 29 augustus 2026, 18:45",Eus Waayers,eus-waayers,Go Ahead Eagles,AZ,uit,invaller,0,31,0,0,0,,2026-09-07
4,"zaterdag 29 augustus 2026, 18:45",Yassir Salah Rahmouni,yassir-salah-rahmouni,Go Ahead Eagles,AZ,uit,bank,0,0,0,,0,,2026-09-07
4,"zaterdag 29 augustus 2026, 18:45",Stefan Ingi Sigurdarson,stefan-ingi-sigurdarson,Go Ahead Eagles,AZ,uit,invaller,0,44,0,0,0,,2026-09-07
4,"zaterdag 29 augustus 2026, 18:45",Oskar Sivertsen,oskar-sivertsen,Go Ahead Eagles,AZ,uit,invaller,0,13,0,0,0,,2026-09-07
4,"zaterdag 29 augustus 2026, 18:45",Richonell Margaret,richonell-margaret,Go Ahead Eagles,AZ,uit,invaller,0,31,0,0,0,,2026-09-07
4,"zaterdag 29 augustus 2026, 18:45",Thibo Baeten,thibo-baeten,Go Ahead Eagles,AZ,uit,invaller,0,21,0,0,0,,2026-09-07
4,"zaterdag 29 augustus 2026, 18:45",Ofosu Boakye,ofosu-boakye,Go Ahead Eagles,AZ,uit,bank,0,0,0,,0,,2026-09-07
4,"zaterdag 29 augustus 2026, 18:45",Giovanni van Zwam,giovanni-van-zwam,Go Ahead Eagles,AZ,uit,afwezig,0,0,0,,0,blessure,2026-09-07
4,"zaterdag 29 augustus 2026, 18:45",Nick Marsman,nick-marsman,Go Ahead Eagles,AZ,uit,afwezig,0,0,0,,0,blessure,2026-09-07
4,"zaterdag 29 augustus 2026, 18:45",Julius Dirksen,julius-dirksen,Go Ahead Eagles,AZ,uit,afwezig,0,0,0,,0,blessure,2026-08-31
4,"zaterdag 29 augustus 2026, 18:45",Tomas Galvez,tomas-galvez,Go Ahead Eagles,AZ,uit,afwezig,0,0,0,,0,blessure,2026-09-07
4,"zaterdag 29 augustus 2026, 16:30",Stijn van Gassel,stijn-van-gassel,Excelsior,Sparta Rotterdam,thuis,basis,1,90,0,0,3,,2026-09-07
4,"zaterdag 29 augustus 2026, 16:30",Simon Janssen,simon-janssen,Excelsior,Sparta Rotterdam,thuis,basis,1,85,0,0,3,,2026-09-07
4,"zaterdag 29 augustus 2026, 16:30",Jan Plug,jan-plug,Excelsior,Sparta Rotterdam,thuis,basis,1,90,0,0,3,,2026-09-07
4,"zaterdag 29 augustus 2026, 16:30",Casper Widell,casper-widell,Excelsior,Sparta Rotterdam,thuis,basis,1,90,0,0,3,,2026-09-07
4,"zaterdag 29 augustus 2026, 16:30",Rick Meissen,rick-meissen,Excelsior,Sparta Rotterdam,thuis,basis,1,90,0,0,3,,2026-09-07
4,"zaterdag 29 augustus 2026, 16:30",Daniel van Vianen,daniel-van-vianen,Excelsior,Sparta Rotterdam,thuis,basis,1,59,0,0,3,,2026-09-07
4,"zaterdag 29 augustus 2026, 16:30",Irakli Yegoian,irakli-yegoian,Excelsior,Sparta Rotterdam,thuis,basis,1,90,0,0,3,,2026-09-07
4,"zaterdag 29 augustus 2026, 16:30",Lennard Hartjes,lennard-hartjes,Excelsior,Sparta Rotterdam,thuis,basis,1,90,0,0,3,,2026-09-07
4,"zaterdag 29 augustus 2026, 16:30",Ágúst Orri Thorsteinsson,agust-orri-thorsteinsson,Excelsior,Sparta Rotterdam,thuis,basis,1,67,0,0,3,,2026-09-07
4,"zaterdag 29 augustus 2026, 16:30",David Garden,david-garden,Excelsior,Sparta Rotterdam,thuis,basis,1,67,0,0,3,,2026-09-07
4,"zaterdag 29 augustus 2026, 16:30",Aymen Sliti,aymen-sliti,Excelsior,Sparta Rotterdam,thuis,basis,1,59,1,0,3,,2026-09-07
4,"zaterdag 29 augustus 2026, 16:30",Tijmen Holla,tijmen-holla,Excelsior,Sparta Rotterdam,thuis,bank,0,0,0,,0,,2026-09-07
4,"zaterdag 29 augustus 2026, 16:30",Stan Henderikx,stan-henderikx,Excelsior,Sparta Rotterdam,thuis,bank,0,0,0,,0,,2026-08-31
4,"zaterdag 29 augustus 2026, 16:30",Osman Turay,osman-turay,Excelsior,Sparta Rotterdam,thuis,bank,0,0,0,,0,,2026-09-07
4,"zaterdag 29 augustus 2026, 16:30",Valentin Sulzbacher,valentin-sulzbacher,Excelsior,Sparta Rotterdam,thuis,bank,0,0,0,,0,,2026-09-07
4,"zaterdag 29 augustus 2026, 16:30",Y Finey,y-finey,Excelsior,Sparta Rotterdam,thuis,bank,0,0,0,,0,,2026-09-07
4,"zaterdag 29 augustus 2026, 16:30",Giulliano Cairo,giulliano-cairo,Excelsior,Sparta Rotterdam,thuis,bank,0,0,0,,0,,2026-09-07
4,"zaterdag 29 augustus 2026, 16:30",Eric Da Silva Moreira,eric-da-silva-moreira,Excelsior,Sparta Rotterdam,thuis,invaller,0,31,0,0,3,,2026-09-07
4,"zaterdag 29 augustus 2026, 16:30",Alireza Jahanbakhsh,alireza-jahanbakhsh,Excelsior,Sparta Rotterdam,thuis,invaller,0,31,0,0,3,,2026-09-07
4,"zaterdag 29 augustus 2026, 16:30",Kasey Bos,kasey-bos,Excelsior,Sparta Rotterdam,thuis,invaller,0,5,0,0,3,,2026-09-07
4,"zaterdag 29 augustus 2026, 16:30",Ilano Silva Timas,ilano-silva-timas,Excelsior,Sparta Rotterdam,thuis,invaller,0,23,0,0,3,,2026-09-07
4,"zaterdag 29 augustus 2026, 16:30",Nesto Groen,nesto-groen,Excelsior,Sparta Rotterdam,thuis,invaller,0,23,1,0,3,,2026-09-07
4,"zaterdag 29 augustus 2026, 16:30",Mario Dominguez,mario-dominguez,Excelsior,Sparta Rotterdam,thuis,afwezig,0,0,0,,0,blessure,2026-09-07
4,"zaterdag 29 augustus 2026, 16:30",Noah Naujoks,noah-naujoks,Excelsior,Sparta Rotterdam,thuis,afwezig,0,0,0,,0,blessure,2026-09-07
4,"zaterdag 29 augustus 2026, 16:30",Filip Bednarek,filip-bednarek,Sparta Rotterdam,Excelsior,uit,basis,1,90,0,0,0,,2026-09-07
4,"zaterdag 29 augustus 2026, 16:30",Bas Kuipers,bas-kuipers,Sparta Rotterdam,Excelsior,uit,basis,1,90,0,0,0,,2026-09-07
4,"zaterdag 29 augustus 2026, 16:30",Bruno Martins Indi,bruno-martins-indi,Sparta Rotterdam,Excelsior,uit,basis,1,90,0,0,0,,2026-09-07
4,"zaterdag 29 augustus 2026, 16:30",Marvin Young,marvin-young,Sparta Rotterdam,Excelsior,uit,basis,1,90,0,0,0,,2026-09-07
4,"zaterdag 29 augustus 2026, 16:30",Lushendry Martes,lushendry-martes,Sparta Rotterdam,Excelsior,uit,basis,1,90,0,0,0,,2026-09-07
4,"zaterdag 29 augustus 2026, 16:30",Jens Toornstra,jens-toornstra,Sparta Rotterdam,Excelsior,uit,basis,1,83,0,0,0,,2026-09-07
4,"zaterdag 29 augustus 2026, 16:30",Julian Baas,julian-baas,Sparta Rotterdam,Excelsior,uit,basis,1,89,0,0,0,,2026-09-07
4,"zaterdag 29 augustus 2026, 16:30",Mitchell van Bergen,mitchell-van-bergen,Sparta Rotterdam,Excelsior,uit,basis,1,83,0,0,0,,2026-09-07
4,"zaterdag 29 augustus 2026, 16:30",Shunsuke Mito,shunsuke-mito,Sparta Rotterdam,Excelsior,uit,basis,1,90,0,0,0,,2026-09-07
4,"zaterdag 29 augustus 2026, 16:30",Robin van Cruijsen,robin-van-cruijsen,Sparta Rotterdam,Excelsior,uit,basis,1,39,0,0,0,,2026-09-07
4,"zaterdag 29 augustus 2026, 16:30",Milan Zonneveld,milan-zonneveld,Sparta Rotterdam,Excelsior,uit,basis,1,90,1,0,0,,2026-09-07
4,"zaterdag 29 augustus 2026, 16:30",Lushendry Edward Martes,lushendry-edward-martes,Sparta Rotterdam,Excelsior,uit,bank,0,0,0,,0,,2026-09-07
4,"zaterdag 29 augustus 2026, 16:30",Pascal Kuiper,pascal-kuiper,Sparta Rotterdam,Excelsior,uit,bank,0,0,0,,0,,2026-09-07
4,"zaterdag 29 augustus 2026, 16:30",Rik Suur,rik-suur,Sparta Rotterdam,Excelsior,uit,bank,0,0,0,,0,,2026-09-07
4,"zaterdag 29 augustus 2026, 16:30",Boyd Reith,boyd-reith,Sparta Rotterdam,Excelsior,uit,bank,0,0,0,,0,,2026-09-07
4,"zaterdag 29 augustus 2026, 16:30",Nick Verschuren,nick-verschuren,Sparta Rotterdam,Excelsior,uit,invaller,0,1,0,0,0,,2026-09-07
4,"zaterdag 29 augustus 2026, 16:30",Teo Quintero,teo-quintero,Sparta Rotterdam,Excelsior,uit,bank,0,0,0,,0,,2026-09-07
4,"zaterdag 29 augustus 2026, 16:30",Giannino Vianello,giannino-vianello,Sparta Rotterdam,Excelsior,uit,bank,0,0,0,,0,,2026-09-07
4,"zaterdag 29 augustus 2026, 16:30",A Roaldsy,a-roaldsy,Sparta Rotterdam,Excelsior,uit,bank,0,0,0,,0,,2026-09-07
4,"zaterdag 29 augustus 2026, 16:30",Casper Terho,casper-terho,Sparta Rotterdam,Excelsior,uit,invaller,0,51,0,0,0,,2026-09-07
4,"zaterdag 29 augustus 2026, 16:30",Andrej Kostic,andrej-kostic,Sparta Rotterdam,Excelsior,uit,bank,0,0,0,,0,,2026-09-07
4,"zaterdag 29 augustus 2026, 16:30",Joel Ideho,joel-ideho,Sparta Rotterdam,Excelsior,uit,invaller,0,7,0,0,0,,2026-09-07
4,"zaterdag 29 augustus 2026, 16:30",Max de Ligt,max-de-ligt,Sparta Rotterdam,Excelsior,uit,afwezig,0,0,0,,0,blessure,2026-09-07
4,"vrijdag 28 augustus 2026, 20:00",Etienne Vaessen,etienne-vaessen,FC Groningen,Fortuna Sittard,thuis,basis,1,90,0,0,0,,2026-09-07
4,"vrijdag 28 augustus 2026, 20:00",Wouter Prins,wouter-prins,FC Groningen,Fortuna Sittard,thuis,basis,1,81,0,0,0,,2026-09-07
4,"vrijdag 28 augustus 2026, 20:00",Márk Csinger,mark-csinger,FC Groningen,Fortuna Sittard,thuis,basis,1,82,0,0,0,,2026-09-07
4,"vrijdag 28 augustus 2026, 20:00",Thijmen Blokzijl,thijmen-blokzijl,FC Groningen,Fortuna Sittard,thuis,basis,1,90,0,0,0,,2026-09-07
4,"vrijdag 28 augustus 2026, 20:00",Jorg Schreuders,jorg-schreuders,FC Groningen,Fortuna Sittard,thuis,basis,1,90,0,0,0,,2026-09-07
4,"vrijdag 28 augustus 2026, 20:00",Tika de Jonge,tika-de-jonge,FC Groningen,Fortuna Sittard,thuis,basis,1,90,0,0,0,,2026-09-07
4,"vrijdag 28 augustus 2026, 20:00",Tygo Land,tygo-land,FC Groningen,Fortuna Sittard,thuis,basis,1,64,0,0,0,,2026-09-07
4,"vrijdag 28 augustus 2026, 20:00",Pelle Clement,pelle-clement,FC Groningen,Fortuna Sittard,thuis,basis,1,90,0,0,0,,2026-09-07
4,"vrijdag 28 augustus 2026, 20:00",Thom van Bergen,thom-van-bergen,FC Groningen,Fortuna Sittard,thuis,basis,1,90,0,0,0,,2026-09-07
4,"vrijdag 28 augustus 2026, 20:00",David van der Werff,david-van-der-werff,FC Groningen,Fortuna Sittard,thuis,basis,1,82,1,0,0,,2026-09-07
4,"vrijdag 28 augustus 2026, 20:00",Brynjólfur Willumsson,brynjolfur-willumsson,FC Groningen,Fortuna Sittard,thuis,basis,1,64,0,0,0,,2026-09-07
4,"vrijdag 28 augustus 2026, 20:00",Lovro Stubljar,lovro-stubljar,FC Groningen,Fortuna Sittard,thuis,bank,0,0,0,,0,,2026-09-07
4,"vrijdag 28 augustus 2026, 20:00",Nikolas Brandis,nikolas-brandis,FC Groningen,Fortuna Sittard,thuis,bank,0,0,0,,0,,2026-09-07
4,"vrijdag 28 augustus 2026, 20:00",Elvis van der Laan,elvis-van-der-laan,FC Groningen,Fortuna Sittard,thuis,bank,0,0,0,,0,,2026-09-07
4,"vrijdag 28 augustus 2026, 20:00",Jesper Mosselaar,jesper-mosselaar,FC Groningen,Fortuna Sittard,thuis,bank,0,0,0,,0,,2026-09-07
4,"vrijdag 28 augustus 2026, 20:00",Travis Hernes,travis-hernes,FC Groningen,Fortuna Sittard,thuis,invaller,0,9,0,0,0,,2026-09-07
4,"vrijdag 28 augustus 2026, 20:00",Alvin Nordin,alvin-nordin,FC Groningen,Fortuna Sittard,thuis,invaller,0,8,0,0,0,,2026-09-07
4,"vrijdag 28 augustus 2026, 20:00",Jacob Ondrejka,jacob-ondrejka,FC Groningen,Fortuna Sittard,thuis,invaller,0,26,0,0,0,,2026-09-07
4,"vrijdag 28 augustus 2026, 20:00",Oskar Zawada,oskar-zawada,FC Groningen,Fortuna Sittard,thuis,invaller,0,26,0,0,0,,2026-09-07
4,"vrijdag 28 augustus 2026, 20:00",Nils Eggens,nils-eggens,FC Groningen,Fortuna Sittard,thuis,invaller,0,8,0,0,0,,2026-09-07
4,"vrijdag 28 augustus 2026, 20:00",Malcolm John Matarr Jeng,malcolm-john-matarr-jeng,FC Groningen,Fortuna Sittard,thuis,afwezig,0,0,0,,0,blessure,2026-09-07
4,"vrijdag 28 augustus 2026, 20:00",Marco Rente,marco-rente,FC Groningen,Fortuna Sittard,thuis,afwezig,0,0,0,,0,blessure,2026-09-07
4,"vrijdag 28 augustus 2026, 20:00",Ryan Metu,ryan-metu,FC Groningen,Fortuna Sittard,thuis,afwezig,0,0,0,,0,blessure,2026-09-07
4,"vrijdag 28 augustus 2026, 20:00",Tyrique Mercera,tyrique-mercera,FC Groningen,Fortuna Sittard,thuis,afwezig,0,0,0,,0,blessure,2026-09-07
4,"vrijdag 28 augustus 2026, 20:00",Mattijs Branderhorst,mattijs-branderhorst,Fortuna Sittard,FC Groningen,uit,basis,1,90,0,0,3,,2026-09-07
4,"vrijdag 28 augustus 2026, 20:00",Jasper Dahlhaus,jasper-dahlhaus,Fortuna Sittard,FC Groningen,uit,basis,1,90,0,0,3,,2026-09-07
4,"vrijdag 28 augustus 2026, 20:00",Justin Hubner,justin-hubner,Fortuna Sittard,FC Groningen,uit,basis,1,90,0,0,3,,2026-09-07
4,"vrijdag 28 augustus 2026, 20:00",Rodrigo Guth,rodrigo-guth,Fortuna Sittard,FC Groningen,uit,basis,1,81,0,0,3,,2026-09-07
4,"vrijdag 28 augustus 2026, 20:00",Philip Brittijn,philip-brittijn,Fortuna Sittard,FC Groningen,uit,basis,1,90,0,0,3,,2026-09-07
4,"vrijdag 28 augustus 2026, 20:00",Ivo Pinto,ivo-pinto,Fortuna Sittard,FC Groningen,uit,basis,1,90,0,0,3,,2026-09-07
4,"vrijdag 28 augustus 2026, 20:00",Shiloh 't Zand,shiloh-t-zand,Fortuna Sittard,FC Groningen,uit,basis,1,80,0,0,3,,2026-09-07
4,"vrijdag 28 augustus 2026, 20:00",Edouard Michut,edouard-michut,Fortuna Sittard,FC Groningen,uit,basis,1,90,0,0,3,,2026-09-07
4,"vrijdag 28 augustus 2026, 20:00",Mohamed Ihattaren,mohamed-ihattaren,Fortuna Sittard,FC Groningen,uit,basis,1,68,1,0,3,,2026-09-07
4,"vrijdag 28 augustus 2026, 20:00",Lequincio Zeefuik,lequincio-zeefuik,Fortuna Sittard,FC Groningen,uit,basis,1,90,1,0,3,,2026-09-07
4,"vrijdag 28 augustus 2026, 20:00",Anthony Descotte,anthony-descotte,Fortuna Sittard,FC Groningen,uit,basis,1,90,1,0,3,,2026-09-07
4,"vrijdag 28 augustus 2026, 20:00",Luuk Koopmans,luuk-koopmans,Fortuna Sittard,FC Groningen,uit,bank,0,0,0,,0,,2026-09-07
4,"vrijdag 28 augustus 2026, 20:00",Kaylen,kaylen,Fortuna Sittard,FC Groningen,uit,bank,0,0,0,,0,,2026-08-31
4,"vrijdag 28 augustus 2026, 20:00",Syb van Ottele,syb-van-ottele,Fortuna Sittard,FC Groningen,uit,invaller,0,9,0,0,3,,2026-09-07
4,"vrijdag 28 augustus 2026, 20:00",Nick de Groot,nick-de-groot,Fortuna Sittard,FC Groningen,uit,invaller,0,22,0,0,3,,2026-09-07
4,"vrijdag 28 augustus 2026, 20:00",Yassin Oukili,yassin-oukili,Fortuna Sittard,FC Groningen,uit,invaller,0,10,0,0,3,,2026-09-07
4,"vrijdag 28 augustus 2026, 20:00",Moussa Gbemou,moussa-gbemou,Fortuna Sittard,FC Groningen,uit,invaller,0,0,0,0,3,,2026-09-07
4,"vrijdag 28 augustus 2026, 20:00",Siebe Wylin,siebe-wylin,Fortuna Sittard,FC Groningen,uit,afwezig,0,0,0,,0,blessure,2026-09-07
4,"vrijdag 28 augustus 2026, 20:00",Ole ter Haar Romeny,ole-ter-haar-romeny,Fortuna Sittard,FC Groningen,uit,afwezig,0,0,0,,0,schorsing,2026-09-06
4,"vrijdag 28 augustus 2026, 20:00",Jevon Simons,jevon-simons,Fortuna Sittard,FC Groningen,uit,afwezig,0,0,0,,0,blessure,2026-09-07
4,"vrijdag 28 augustus 2026, 20:00",Iván Márquez Álvarez,ivan-marquez-alvarez,Fortuna Sittard,FC Groningen,uit,afwezig,0,0,0,,0,blessure,2026-09-07
4,"vrijdag 28 augustus 2026, 20:00",Kristoffer Peterson,kristoffer-peterson,Fortuna Sittard,FC Groningen,uit,afwezig,0,0,0,,0,blessure,2026-09-07
4,"zondag 30 augustus 2026, 12:15",Vasilios Barkas,vasilios-barkas,FC Utrecht,PSV,thuis,basis,1,90,0,0,0,,2026-09-07
4,"zondag 30 augustus 2026, 12:15",Neville Ogidi Nwankwo,neville-ogidi-nwankwo,FC Utrecht,PSV,thuis,basis,1,90,0,0,0,,2026-09-07
4,"zondag 30 augustus 2026, 12:15",Guus Offerhaus,guus-offerhaus,FC Utrecht,PSV,thuis,basis,1,90,0,0,0,,2026-09-07
4,"zondag 30 augustus 2026, 12:15",Siebe Horemans,siebe-horemans,FC Utrecht,PSV,thuis,basis,1,90,0,0,0,,2026-09-07
4,"zondag 30 augustus 2026, 12:15",Arthur Zagré,arthur-zagre,FC Utrecht,PSV,thuis,basis,1,84,0,0,0,,2026-09-07
4,"zondag 30 augustus 2026, 12:15",Davy van den Berg,davy-van-den-berg,FC Utrecht,PSV,thuis,basis,1,61,0,0,0,,2026-09-07
4,"zondag 30 augustus 2026, 12:15",Dani de Wit,dani-de-wit,FC Utrecht,PSV,thuis,basis,1,90,0,0,0,,2026-09-07
4,"zondag 30 augustus 2026, 12:15",Niklas Vesterlund,niklas-vesterlund,FC Utrecht,PSV,thuis,basis,1,56,0,0,0,,2026-09-07
4,"zondag 30 augustus 2026, 12:15",Yoann Cathline,yoann-cathline,FC Utrecht,PSV,thuis,basis,1,84,0,0,0,,2026-09-07
4,"zondag 30 augustus 2026, 12:15",Artem Stepanov,artem-stepanov,FC Utrecht,PSV,thuis,basis,1,90,1,0,0,,2026-09-07
4,"zondag 30 augustus 2026, 12:15",Ángel Alarcón,angel-alarcon,FC Utrecht,PSV,thuis,basis,1,61,0,0,0,,2026-09-07
4,"zondag 30 augustus 2026, 12:15",Michael Brouwer,michael-brouwer,FC Utrecht,PSV,thuis,bank,0,0,0,,0,,2026-09-07
4,"zondag 30 augustus 2026, 12:15",Kevin Gadellaa,kevin-gadellaa,FC Utrecht,PSV,thuis,bank,0,0,0,,0,,2026-09-07
4,"zondag 30 augustus 2026, 12:15",Jamie Schuldes,jamie-schuldes,FC Utrecht,PSV,thuis,bank,0,0,0,,0,,2026-09-07
4,"zondag 30 augustus 2026, 12:15",Per Kloosterboer,per-kloosterboer,FC Utrecht,PSV,thuis,invaller,0,34,0,0,0,,2026-09-07
4,"zondag 30 augustus 2026, 12:15",Ferdinand Pohl,ferdinand-pohl,FC Utrecht,PSV,thuis,bank,0,0,0,,0,,2026-09-07
4,"zondag 30 augustus 2026, 12:15",Zidane Iqbal,zidane-iqbal,FC Utrecht,PSV,thuis,invaller,0,29,0,0,0,,2026-08-31
4,"zondag 30 augustus 2026, 12:15",Adrian Blake,adrian-blake,FC Utrecht,PSV,thuis,invaller,0,29,0,0,0,,2026-09-07
4,"zondag 30 augustus 2026, 12:15",Sem van Duijn,sem-van-duijn,FC Utrecht,PSV,thuis,invaller,0,6,0,0,0,,2026-09-07
4,"zondag 30 augustus 2026, 12:15",Emmanuel Chigozie Owen,emmanuel-chigozie-owen,FC Utrecht,PSV,thuis,invaller,0,6,0,0,0,,2026-09-07
4,"zondag 30 augustus 2026, 12:15",Marius Sivertsen Broholm,marius-sivertsen-broholm,FC Utrecht,PSV,thuis,afwezig,0,0,0,,0,blessure,2026-09-07
4,"zondag 30 augustus 2026, 12:15",Kevin Paredes,kevin-paredes,FC Utrecht,PSV,thuis,afwezig,0,0,0,,0,blessure,2026-09-07
4,"zondag 30 augustus 2026, 12:15",Victor Jensen,victor-jensen,FC Utrecht,PSV,thuis,afwezig,0,0,0,,0,blessure,2026-09-07
4,"zondag 30 augustus 2026, 12:15",Matej Kovar,matej-kovar,PSV,FC Utrecht,uit,basis,1,90,0,0,3,,2026-09-07
4,"zondag 30 augustus 2026, 12:15",Mauro Júnior,mauro-junior,PSV,FC Utrecht,uit,basis,1,90,1,0,3,,2026-09-07
4,"zondag 30 augustus 2026, 12:15",Armando Obispo,armando-obispo,PSV,FC Utrecht,uit,basis,1,84,0,0,3,,2026-09-07
4,"zondag 30 augustus 2026, 12:15",Ryan Flamingo,ryan-flamingo,PSV,FC Utrecht,uit,basis,1,90,0,0,3,,2026-09-07
4,"zondag 30 augustus 2026, 12:15",Sergiño Dest,sergino-dest,PSV,FC Utrecht,uit,basis,1,90,1,0,3,,2026-09-07
4,"zondag 30 augustus 2026, 12:15",Noah Fernandez,noah-fernandez,PSV,FC Utrecht,uit,basis,1,65,0,0,3,,2026-09-07
4,"zondag 30 augustus 2026, 12:15",Kodai Sano,kodai-sano,PSV,FC Utrecht,uit,basis,1,90,0,0,3,,2026-09-07
4,"zondag 30 augustus 2026, 12:15",Ruben van Bommel,ruben-van-bommel,PSV,FC Utrecht,uit,basis,1,78,1,0,3,,2026-09-07
4,"zondag 30 augustus 2026, 12:15",Guus Til,guus-til,PSV,FC Utrecht,uit,basis,1,90,2,0,3,,2026-09-07
4,"zondag 30 augustus 2026, 12:15",Ivan Perisic,ivan-perisic,PSV,FC Utrecht,uit,basis,1,65,0,0,3,,2026-09-07
4,"zondag 30 augustus 2026, 12:15",Ricardo Pepi,ricardo-pepi,PSV,FC Utrecht,uit,basis,1,78,0,0,3,,2026-09-07
4,"zondag 30 augustus 2026, 12:15",Nick Olij,nick-olij,PSV,FC Utrecht,uit,bank,0,0,0,,0,,2026-09-07
4,"zondag 30 augustus 2026, 12:15",Lutsharel Geertruida,lutsharel-geertruida,PSV,FC Utrecht,uit,bank,0,0,0,,0,,2026-09-07
4,"zondag 30 augustus 2026, 12:15",Yarek Gasiorowski,yarek-gasiorowski,PSV,FC Utrecht,uit,invaller,0,6,0,0,3,,2026-09-07
4,"zondag 30 augustus 2026, 12:15",Paul Wanner,paul-wanner,PSV,FC Utrecht,uit,invaller,0,25,0,0,3,,2026-09-07
4,"zondag 30 augustus 2026, 12:15",Filip Kostic,filip-kostic,PSV,FC Utrecht,uit,bank,0,0,0,,0,,2026-09-07
4,"zondag 30 augustus 2026, 12:15",Sven Mijnans,sven-mijnans,PSV,FC Utrecht,uit,invaller,0,12,1,0,3,,2026-09-07
4,"zondag 30 augustus 2026, 12:15",Esmir Bajraktarevic,esmir-bajraktarevic,PSV,FC Utrecht,uit,invaller,0,25,0,0,3,,2026-09-07
4,"zondag 30 augustus 2026, 12:15",Amir Bouhamdi,amir-bouhamdi,PSV,FC Utrecht,uit,invaller,0,12,0,0,3,,2026-09-07
4,"zondag 30 augustus 2026, 12:15",Kiliann Sildillia,kiliann-sildillia,PSV,FC Utrecht,uit,afwezig,0,0,0,,0,blessure,2026-09-07
4,"zondag 30 augustus 2026, 12:15",Dennis Man,dennis-man,PSV,FC Utrecht,uit,afwezig,0,0,0,,0,blessure,2026-09-07
4,"zondag 30 augustus 2026, 12:15",Jerdy Schouten,jerdy-schouten,PSV,FC Utrecht,uit,afwezig,0,0,0,,0,blessure,2026-09-07
4,"zondag 30 augustus 2026, 12:15",Alassane Pléa,alassane-plea,PSV,FC Utrecht,uit,afwezig,0,0,0,,0,blessure,2026-09-07
4,"zondag 30 augustus 2026, 14:30",Tjark Ernst,tjark-ernst,Feyenoord,ADO Den Haag,thuis,basis,1,90,0,0,1,,2026-09-07
4,"zondag 30 augustus 2026, 14:30",Javi López,javi-lopez,Feyenoord,ADO Den Haag,thuis,basis,1,80,0,0,1,,2026-09-07
4,"zondag 30 augustus 2026, 14:30",Mika Mármol,mika-marmol,Feyenoord,ADO Den Haag,thuis,basis,1,90,0,0,1,,2026-09-07
4,"zondag 30 augustus 2026, 14:30",Tsuyoshi Watanabe,tsuyoshi-watanabe,Feyenoord,ADO Den Haag,thuis,basis,1,90,0,0,1,,2026-09-07
4,"zondag 30 augustus 2026, 14:30",Givairo Read,givairo-read,Feyenoord,ADO Den Haag,thuis,basis,1,90,0,0,1,,2026-09-07
4,"zondag 30 augustus 2026, 14:30",Luciano Valente,luciano-valente,Feyenoord,ADO Den Haag,thuis,basis,1,89,0,0,1,,2026-09-07
4,"zondag 30 augustus 2026, 14:30",Oussama Targhalline,oussama-targhalline,Feyenoord,ADO Den Haag,thuis,basis,1,65,0,0,1,,2026-09-07
4,"zondag 30 augustus 2026, 14:30",Gjivai Zechiël,gjivai-zechiel,Feyenoord,ADO Den Haag,thuis,basis,1,90,0,0,1,,2026-09-07
4,"zondag 30 augustus 2026, 14:30",Gaoussou Diarra,gaoussou-diarra,Feyenoord,ADO Den Haag,thuis,basis,1,46,0,0,1,,2026-09-07
4,"zondag 30 augustus 2026, 14:30",Ayase Ueda,ayase-ueda,Feyenoord,ADO Den Haag,thuis,basis,1,80,1,0,1,,2026-09-07
4,"zondag 30 augustus 2026, 14:30",Anis Hadj Moussa,anis-hadj-moussa,Feyenoord,ADO Den Haag,thuis,basis,1,90,1,0,1,,2026-09-07
4,"zondag 30 augustus 2026, 14:30",Mannou Berger,mannou-berger,Feyenoord,ADO Den Haag,thuis,bank,0,0,0,,0,,2026-09-07
4,"zondag 30 augustus 2026, 14:30",Liam Bossin,liam-bossin,Feyenoord,ADO Den Haag,thuis,bank,0,0,0,,0,,2026-09-07
4,"zondag 30 augustus 2026, 14:30",Mats Deijl,mats-deijl,Feyenoord,ADO Den Haag,thuis,bank,0,0,0,,0,,2026-09-07
4,"zondag 30 augustus 2026, 14:30",Jordan Lotomba,jordan-lotomba,Feyenoord,ADO Den Haag,thuis,bank,0,0,0,,0,,2026-08-31
4,"zondag 30 augustus 2026, 14:30",Sem Steijn,sem-steijn,Feyenoord,ADO Den Haag,thuis,invaller,0,44,0,0,1,,2026-09-07
4,"zondag 30 augustus 2026, 14:30",Tobias van den Elshout,tobias-van-den-elshout,Feyenoord,ADO Den Haag,thuis,bank,0,0,0,,0,,2026-09-07
4,"zondag 30 augustus 2026, 14:30",Thijs Kraaijeveld,thijs-kraaijeveld,Feyenoord,ADO Den Haag,thuis,invaller,0,10,0,0,1,,2026-09-07
4,"zondag 30 augustus 2026, 14:30",Charles Vanhoutte,charles-vanhoutte,Feyenoord,ADO Den Haag,thuis,invaller,0,1,0,0,1,,2026-09-07
4,"zondag 30 augustus 2026, 14:30",Goncalo Borges,goncalo-borges,Feyenoord,ADO Den Haag,thuis,bank,0,0,0,,0,,2026-09-07
4,"zondag 30 augustus 2026, 14:30",Nacho Ferri,nacho-ferri,Feyenoord,ADO Den Haag,thuis,invaller,0,10,0,0,1,,2026-09-07
4,"zondag 30 augustus 2026, 14:30",Jivayno Zinhagel,jivayno-zinhagel,Feyenoord,ADO Den Haag,thuis,bank,0,0,0,,0,,2026-09-07
4,"zondag 30 augustus 2026, 14:30",Shaqueel van Persie,shaqueel-van-persie,Feyenoord,ADO Den Haag,thuis,invaller,0,25,0,0,1,,2026-09-07
4,"zondag 30 augustus 2026, 14:30",Gonçalo Oscar Albuquerque Borges,goncalo-oscar-albuquerque-borges,Feyenoord,ADO Den Haag,thuis,afwezig,0,0,0,,0,blessure,2026-09-07
4,"zondag 30 augustus 2026, 14:30",Jordan Bos,jordan-bos,Feyenoord,ADO Den Haag,thuis,afwezig,0,0,0,,0,blessure,2026-09-07
4,"zondag 30 augustus 2026, 14:30",Gijs Smal,gijs-smal,Feyenoord,ADO Den Haag,thuis,afwezig,0,0,0,,0,blessure,2026-09-07
4,"zondag 30 augustus 2026, 14:30",Kilian Nikièma,kilian-nikiema,ADO Den Haag,Feyenoord,uit,basis,1,90,0,0,1,,2026-09-07
4,"zondag 30 augustus 2026, 14:30",Sekou Sylla,sekou-sylla,ADO Den Haag,Feyenoord,uit,basis,1,80,1,0,1,,2026-09-07
4,"zondag 30 augustus 2026, 14:30",Milan Hokke,milan-hokke,ADO Den Haag,Feyenoord,uit,basis,1,90,0,0,1,,2026-09-07
4,"zondag 30 augustus 2026, 14:30",Pascal Mulder,pascal-mulder,ADO Den Haag,Feyenoord,uit,basis,1,90,0,0,1,,2026-09-07
4,"zondag 30 augustus 2026, 14:30",Othniël Raterink,othniel-raterink,ADO Den Haag,Feyenoord,uit,basis,1,90,0,0,1,,2026-09-07
4,"zondag 30 augustus 2026, 14:30",Mylian Jiménez,mylian-jimenez,ADO Den Haag,Feyenoord,uit,basis,1,68,0,0,1,,2026-09-07
4,"zondag 30 augustus 2026, 14:30",Juho Kilo,juho-kilo,ADO Den Haag,Feyenoord,uit,basis,1,90,0,0,1,,2026-09-07
4,"zondag 30 augustus 2026, 14:30",Nigel Thomas,nigel-thomas,ADO Den Haag,Feyenoord,uit,basis,1,62,1,0,1,,2026-09-07
4,"zondag 30 augustus 2026, 14:30",Evan Rottier,evan-rottier,ADO Den Haag,Feyenoord,uit,basis,1,90,0,0,1,,2026-09-07
4,"zondag 30 augustus 2026, 14:30",Daryl van Mieghem,daryl-van-mieghem,ADO Den Haag,Feyenoord,uit,basis,1,62,0,0,1,,2026-09-07
4,"zondag 30 augustus 2026, 14:30",Yannick Eduardo,yannick-eduardo,ADO Den Haag,Feyenoord,uit,basis,1,68,0,0,1,,2026-09-07
4,"zondag 30 augustus 2026, 14:30",Sem Eekhout,sem-eekhout,ADO Den Haag,Feyenoord,uit,bank,0,0,0,,0,,2026-09-07
4,"zondag 30 augustus 2026, 14:30",Niclas Thiede,niclas-thiede,ADO Den Haag,Feyenoord,uit,bank,0,0,0,,0,,2026-09-07
4,"zondag 30 augustus 2026, 14:30",Matteo Waem,matteo-waem,ADO Den Haag,Feyenoord,uit,invaller,0,10,0,0,1,,2026-09-07
4,"zondag 30 augustus 2026, 14:30",Jonas Jensen Abbew,jonas-jensen-abbew,ADO Den Haag,Feyenoord,uit,bank,0,0,0,,0,,2026-09-07
4,"zondag 30 augustus 2026, 14:30",Illaijh de Ruijter,illaijh-de-ruijter,ADO Den Haag,Feyenoord,uit,invaller,0,28,0,0,1,,2026-09-07
4,"zondag 30 augustus 2026, 14:30",Lasse Wilhelm,lasse-wilhelm,ADO Den Haag,Feyenoord,uit,bank,0,0,0,,0,,2026-09-07
4,"zondag 30 augustus 2026, 14:30",Jan Zamburek,jan-zamburek,ADO Den Haag,Feyenoord,uit,invaller,0,22,0,0,1,,2026-09-07
4,"zondag 30 augustus 2026, 14:30",Finn de Bruin,finn-de-bruin,ADO Den Haag,Feyenoord,uit,bank,0,0,0,,0,,2026-09-07
4,"zondag 30 augustus 2026, 14:30",Jalen Hawkins,jalen-hawkins,ADO Den Haag,Feyenoord,uit,invaller,0,28,0,0,1,,2026-09-07
4,"zondag 30 augustus 2026, 14:30",Jesse Bal,jesse-bal,ADO Den Haag,Feyenoord,uit,invaller,0,22,0,0,1,,2026-09-07
4,"zondag 30 augustus 2026, 14:30",Luka Reischl,luka-reischl,ADO Den Haag,Feyenoord,uit,bank,0,0,0,,0,,2026-09-07
4,"zondag 30 augustus 2026, 14:30",Cameron Peupion,cameron-peupion,ADO Den Haag,Feyenoord,uit,afwezig,0,0,0,,0,blessure,2026-09-07
4,"zondag 30 augustus 2026, 14:30",Jonas Jensen-Abbew,jonas-jensen-abbew,ADO Den Haag,Feyenoord,uit,afwezig,0,0,0,,0,blessure,2026-08-31
4,"zaterdag 29 augustus 2026, 21:00",Jasper Schendelaar,jasper-schendelaar,PEC Zwolle,NEC,thuis,basis,1,90,0,0,0,,2026-09-07
4,"zaterdag 29 augustus 2026, 21:00",Sherel Floranus,sherel-floranus,PEC Zwolle,NEC,thuis,basis,1,90,0,0,0,,2026-09-07
4,"zaterdag 29 augustus 2026, 21:00",Nick Viergever,nick-viergever,PEC Zwolle,NEC,thuis,basis,1,90,0,0,0,,2026-09-07
4,"zaterdag 29 augustus 2026, 21:00",Simon Graves,simon-graves,PEC Zwolle,NEC,thuis,basis,1,90,0,0,0,,2026-09-07
4,"zaterdag 29 augustus 2026, 21:00",Olivier Aertssen,olivier-aertssen,PEC Zwolle,NEC,thuis,basis,1,90,0,0,0,,2026-09-07
4,"zaterdag 29 augustus 2026, 21:00",Tobias Sommer,tobias-sommer,PEC Zwolle,NEC,thuis,basis,1,86,0,0,0,,2026-09-07
4,"zaterdag 29 augustus 2026, 21:00",Ryan Thomas,ryan-thomas,PEC Zwolle,NEC,thuis,basis,1,90,0,0,0,,2026-09-07
4,"zaterdag 29 augustus 2026, 21:00",Elias Sørensen,elias-sorensen,PEC Zwolle,NEC,thuis,basis,1,64,0,0,0,,2026-09-07
4,"zaterdag 29 augustus 2026, 21:00",Thijs Oosting,thijs-oosting,PEC Zwolle,NEC,thuis,basis,1,64,0,0,0,,2026-09-07
4,"zaterdag 29 augustus 2026, 21:00",Dylan Mbayo,dylan-mbayo,PEC Zwolle,NEC,thuis,basis,1,90,0,0,0,,2026-09-07
4,"zaterdag 29 augustus 2026, 21:00",Koen Kostons,koen-kostons,PEC Zwolle,NEC,thuis,basis,1,90,1,0,0,,2026-09-07
4,"zaterdag 29 augustus 2026, 21:00",T Sommer,t-sommer,PEC Zwolle,NEC,thuis,bank,0,0,0,,0,,2026-09-07
4,"zaterdag 29 augustus 2026, 21:00",Elias Srensen,elias-srensen,PEC Zwolle,NEC,thuis,bank,0,0,0,,0,,2026-09-07
4,"zaterdag 29 augustus 2026, 21:00",Tom de Graaff,tom-de-graaff,PEC Zwolle,NEC,thuis,bank,0,0,0,,0,,2026-09-07
4,"zaterdag 29 augustus 2026, 21:00",Duke Verduin,duke-verduin,PEC Zwolle,NEC,thuis,bank,0,0,0,,0,,2026-09-07
4,"zaterdag 29 augustus 2026, 21:00",Tijs Velthuis,tijs-velthuis,PEC Zwolle,NEC,thuis,bank,0,0,0,,0,,2026-09-07
4,"zaterdag 29 augustus 2026, 21:00",Damian van der Haar,damian-van-der-haar,PEC Zwolle,NEC,thuis,bank,0,0,0,,0,,2026-09-07
4,"zaterdag 29 augustus 2026, 21:00",Odysseus Velanas,odysseus-velanas,PEC Zwolle,NEC,thuis,invaller,0,4,0,0,0,,2026-09-07
4,"zaterdag 29 augustus 2026, 21:00",Gabriel Reiziger,gabriel-reiziger,PEC Zwolle,NEC,thuis,invaller,0,26,0,0,0,,2026-09-07
4,"zaterdag 29 augustus 2026, 21:00",Jadiel Pereira Da Gama,jadiel-pereira-da-gama,PEC Zwolle,NEC,thuis,bank,0,0,0,,0,,2026-09-07
4,"zaterdag 29 augustus 2026, 21:00",Nick Fichtinger,nick-fichtinger,PEC Zwolle,NEC,thuis,bank,0,0,0,,0,,2026-09-07
4,"zaterdag 29 augustus 2026, 21:00",Ibrahim Cissoko,ibrahim-cissoko,PEC Zwolle,NEC,thuis,invaller,0,26,0,0,0,,2026-09-07
4,"zaterdag 29 augustus 2026, 21:00",Jan Bürger,jan-burger,PEC Zwolle,NEC,thuis,afwezig,0,0,0,,0,blessure,2026-09-06
4,"zaterdag 29 augustus 2026, 21:00",Gonzalo Crettaz,gonzalo-crettaz,NEC,PEC Zwolle,uit,basis,1,90,0,0,3,,2026-09-07
4,"zaterdag 29 augustus 2026, 21:00",Deveron Fonville,deveron-fonville,NEC,PEC Zwolle,uit,basis,1,46,0,0,3,,2026-09-07
4,"zaterdag 29 augustus 2026, 21:00",Bram Nuytinck,bram-nuytinck,NEC,PEC Zwolle,uit,basis,1,80,0,0,3,,2026-09-07
4,"zaterdag 29 augustus 2026, 21:00",Tobias Storm,tobias-storm,NEC,PEC Zwolle,uit,basis,1,90,0,0,3,,2026-09-07
4,"zaterdag 29 augustus 2026, 21:00",Clement Bischoff,clement-bischoff,NEC,PEC Zwolle,uit,basis,1,67,0,0,3,,2026-09-07
4,"zaterdag 29 augustus 2026, 21:00",Noé Lebreton,noe-lebreton,NEC,PEC Zwolle,uit,basis,1,90,0,0,3,,2026-09-07
4,"zaterdag 29 augustus 2026, 21:00",Jamiro Monteiro,jamiro-monteiro,NEC,PEC Zwolle,uit,basis,1,90,0,0,3,,2026-09-07
4,"zaterdag 29 augustus 2026, 21:00",Adam Tahaui,adam-tahaui,NEC,PEC Zwolle,uit,basis,1,67,0,0,3,,2026-09-07
4,"zaterdag 29 augustus 2026, 21:00",Dusan Tadic,dusan-tadic,NEC,PEC Zwolle,uit,basis,1,90,0,0,3,,2026-09-07
4,"zaterdag 29 augustus 2026, 21:00",Bryan Linssen,bryan-linssen,NEC,PEC Zwolle,uit,basis,1,80,0,0,3,,2026-09-07
4,"zaterdag 29 augustus 2026, 21:00",Tjaronn Chery,tjaronn-chery,NEC,PEC Zwolle,uit,basis,1,90,2,0,3,,2026-09-07
4,"zaterdag 29 augustus 2026, 21:00",T Storm,t-storm,NEC,PEC Zwolle,uit,bank,0,0,0,,0,,2026-09-07
4,"zaterdag 29 augustus 2026, 21:00",Nikolas Polster,nikolas-polster,NEC,PEC Zwolle,uit,bank,0,0,0,,0,,2026-09-07
4,"zaterdag 29 augustus 2026, 21:00",Freek Entius,freek-entius,NEC,PEC Zwolle,uit,bank,0,0,0,,0,,2026-09-07
4,"zaterdag 29 augustus 2026, 21:00",Brayann Pereira,brayann-pereira,NEC,PEC Zwolle,uit,invaller,0,10,0,0,3,,2026-08-31
4,"zaterdag 29 augustus 2026, 21:00",P Schuurs,p-schuurs,NEC,PEC Zwolle,uit,bank,0,0,0,,0,,2026-09-07
4,"zaterdag 29 augustus 2026, 21:00",Almugera Kabar,almugera-kabar,NEC,PEC Zwolle,uit,invaller,0,44,0,0,3,,2026-09-07
4,"zaterdag 29 augustus 2026, 21:00",Gabriel Bras,gabriel-bras,NEC,PEC Zwolle,uit,bank,0,0,0,,0,,2026-09-07
4,"zaterdag 29 augustus 2026, 21:00",Isak Hansen Aaren,isak-hansen-aaren,NEC,PEC Zwolle,uit,bank,0,0,0,,0,,2026-09-07
4,"zaterdag 29 augustus 2026, 21:00",Willum Thor Willumsson,willum-thor-willumsson,NEC,PEC Zwolle,uit,invaller,0,23,0,0,3,,2026-09-07
4,"zaterdag 29 augustus 2026, 21:00",Vito van Crooij,vito-van-crooij,NEC,PEC Zwolle,uit,bank,0,0,0,,0,,2026-09-07
4,"zaterdag 29 augustus 2026, 21:00",Emre Mor,emre-mor,NEC,PEC Zwolle,uit,invaller,0,23,0,0,3,,2026-09-07
4,"zaterdag 29 augustus 2026, 21:00",Kaj Sierhuis,kaj-sierhuis,NEC,PEC Zwolle,uit,bank,0,0,0,,0,,2026-09-07
4,"zaterdag 29 augustus 2026, 21:00",Kevin Kers,kevin-kers,NEC,PEC Zwolle,uit,bank,0,0,0,,0,,2026-09-07
4,"zaterdag 29 augustus 2026, 21:00",Darko Nejašmić,darko-nejasmic,NEC,PEC Zwolle,uit,afwezig,0,0,0,,0,blessure,2026-08-31
4,"zaterdag 29 augustus 2026, 21:00",Philippe Sandler,philippe-sandler,NEC,PEC Zwolle,uit,afwezig,0,0,0,,0,blessure,2026-09-07
4,"zaterdag 29 augustus 2026, 21:00",Sami Ouaissa,sami-ouaissa,NEC,PEC Zwolle,uit,afwezig,0,0,0,,0,blessure,2026-08-31
4,"zaterdag 29 augustus 2026, 21:00",Thomas Ouwejan,thomas-ouwejan,NEC,PEC Zwolle,uit,afwezig,0,0,0,,0,blessure,2026-09-07
4,"zaterdag 29 augustus 2026, 21:00",Yassin Moslih,yassin-moslih,NEC,PEC Zwolle,uit,afwezig,0,0,0,,0,blessure,2026-09-07
4,"zondag 30 augustus 2026, 20:00",Thijs Jansen,thijs-jansen,SC Cambuur,FC Twente,thuis,basis,1,90,0,0,0,,2026-09-07
4,"zondag 30 augustus 2026, 20:00",Morgan Costarelli,morgan-costarelli,SC Cambuur,FC Twente,thuis,basis,1,46,0,0,0,,2026-09-07
4,"zondag 30 augustus 2026, 20:00",Billy van Duijl,billy-van-duijl,SC Cambuur,FC Twente,thuis,basis,1,90,0,0,0,,2026-09-07
4,"zondag 30 augustus 2026, 20:00",Ismaël Baouf,ismael-baouf,SC Cambuur,FC Twente,thuis,basis,1,90,0,0,0,,2026-09-07
4,"zondag 30 augustus 2026, 20:00",Jamal Amofa,jamal-amofa,SC Cambuur,FC Twente,thuis,basis,1,65,0,0,0,,2026-09-07
4,"zondag 30 augustus 2026, 20:00",Lucas Jetten,lucas-jetten,SC Cambuur,FC Twente,thuis,basis,1,90,0,0,0,,2026-09-07
4,"zondag 30 augustus 2026, 20:00",Rafik El Arguioui,rafik-el-arguioui,SC Cambuur,FC Twente,thuis,basis,1,90,0,0,0,,2026-09-07
4,"zondag 30 augustus 2026, 20:00",Nicky Souren,nicky-souren,SC Cambuur,FC Twente,thuis,basis,1,90,0,0,0,,2026-09-07
4,"zondag 30 augustus 2026, 20:00",Jorn Berkhout,jorn-berkhout,SC Cambuur,FC Twente,thuis,basis,1,77,0,0,0,,2026-09-07
4,"zondag 30 augustus 2026, 20:00",Iwan Henstra,iwan-henstra,SC Cambuur,FC Twente,thuis,basis,1,85,0,0,0,,2026-09-07
4,"zondag 30 augustus 2026, 20:00",Sami Bouhoudane,sami-bouhoudane,SC Cambuur,FC Twente,thuis,basis,1,46,0,0,0,,2026-09-07
4,"zondag 30 augustus 2026, 20:00",Jasper Meijster,jasper-meijster,SC Cambuur,FC Twente,thuis,bank,0,0,0,,0,,2026-09-07
4,"zondag 30 augustus 2026, 20:00",Matthijs Kalisvaart,matthijs-kalisvaart,SC Cambuur,FC Twente,thuis,bank,0,0,0,,0,,2026-09-07
4,"zondag 30 augustus 2026, 20:00",Rik Mulders,rik-mulders,SC Cambuur,FC Twente,thuis,bank,0,0,0,,0,,2026-09-07
4,"zondag 30 augustus 2026, 20:00",Devid Eugene Bouah,devid-eugene-bouah,SC Cambuur,FC Twente,thuis,invaller,0,25,0,0,0,,2026-09-07
4,"zondag 30 augustus 2026, 20:00",Ethan Apkakou,ethan-apkakou,SC Cambuur,FC Twente,thuis,bank,0,0,0,,0,,2026-09-07
4,"zondag 30 augustus 2026, 20:00",Mathieu Maertens,mathieu-maertens,SC Cambuur,FC Twente,thuis,bank,0,0,0,,0,,2026-09-07
4,"zondag 30 augustus 2026, 20:00",S Vink,s-vink,SC Cambuur,FC Twente,thuis,bank,0,0,0,,0,,2026-09-07
4,"zondag 30 augustus 2026, 20:00",Ilyes Hamache,ilyes-hamache,SC Cambuur,FC Twente,thuis,invaller,0,5,1,0,0,,2026-09-07
4,"zondag 30 augustus 2026, 20:00",Nicolas Binder,nicolas-binder,SC Cambuur,FC Twente,thuis,invaller,0,44,0,0,0,,2026-09-07
4,"zondag 30 augustus 2026, 20:00",F Kvam,f-kvam,SC Cambuur,FC Twente,thuis,bank,0,0,0,,0,,2026-09-07
4,"zondag 30 augustus 2026, 20:00",Wiebe Kooistra,wiebe-kooistra,SC Cambuur,FC Twente,thuis,bank,0,0,0,,0,,2026-09-07
4,"zondag 30 augustus 2026, 20:00",Nicolas Binder,nicolas-binder,SC Cambuur,FC Twente,thuis,afwezig,0,0,0,,0,blessure,2026-08-31
4,"zondag 30 augustus 2026, 20:00",Joël Drommel,joel-drommel,FC Twente,SC Cambuur,uit,basis,1,90,0,0,3,,2026-09-07
4,"zondag 30 augustus 2026, 20:00",Aske Adelgaard,aske-adelgaard,FC Twente,SC Cambuur,uit,basis,1,85,0,0,3,,2026-09-07
4,"zondag 30 augustus 2026, 20:00",Ruud Nijstad,ruud-nijstad,FC Twente,SC Cambuur,uit,basis,1,90,1,0,3,,2026-09-07
4,"zondag 30 augustus 2026, 20:00",Robin Pröpper,robin-propper,FC Twente,SC Cambuur,uit,basis,1,90,0,0,3,,2026-09-07
4,"zondag 30 augustus 2026, 20:00",Bart van Rooij,bart-van-rooij,FC Twente,SC Cambuur,uit,basis,1,85,0,0,3,,2026-09-07
4,"zondag 30 augustus 2026, 20:00",Daouda Weidmann,daouda-weidmann,FC Twente,SC Cambuur,uit,basis,1,60,0,0,3,,2026-09-07
4,"zondag 30 augustus 2026, 20:00",Ramiz Zerrouki,ramiz-zerrouki,FC Twente,SC Cambuur,uit,basis,1,90,0,0,3,,2026-09-07
4,"zondag 30 augustus 2026, 20:00",Marko Pjaca,marko-pjaca,FC Twente,SC Cambuur,uit,basis,1,77,1,0,3,,2026-09-07
4,"zondag 30 augustus 2026, 20:00",Younes Taha,younes-taha,FC Twente,SC Cambuur,uit,basis,1,90,1,0,3,,2026-09-07
4,"zondag 30 augustus 2026, 20:00",Sondre Ørjasæter,sondre-orjasaeter,FC Twente,SC Cambuur,uit,basis,1,60,0,0,3,,2026-09-07
4,"zondag 30 augustus 2026, 20:00",Wout Weghorst,wout-weghorst,FC Twente,SC Cambuur,uit,basis,1,90,1,0,3,,2026-09-07
4,"zondag 30 augustus 2026, 20:00",Sondre Rjaster,sondre-rjaster,FC Twente,SC Cambuur,uit,bank,0,0,0,,0,,2026-09-07
4,"zondag 30 augustus 2026, 20:00",Lars Unnerstall,lars-unnerstall,FC Twente,SC Cambuur,uit,bank,0,0,0,,0,,2026-09-07
4,"zondag 30 augustus 2026, 20:00",Remko Pasveer,remko-pasveer,FC Twente,SC Cambuur,uit,bank,0,0,0,,0,,2026-09-07
4,"zondag 30 augustus 2026, 20:00",Guilherme Peixoto,guilherme-peixoto,FC Twente,SC Cambuur,uit,invaller,0,5,0,0,3,,2026-08-31
4,"zondag 30 augustus 2026, 20:00",Krzysztof Kurowski,krzysztof-kurowski,FC Twente,SC Cambuur,uit,invaller,0,13,0,0,3,,2026-09-07
4,"zondag 30 augustus 2026, 20:00",Max Bruns,max-bruns,FC Twente,SC Cambuur,uit,invaller,0,5,0,0,3,,2026-09-07
4,"zondag 30 augustus 2026, 20:00",Thomas van den Belt,thomas-van-den-belt,FC Twente,SC Cambuur,uit,invaller,0,30,0,0,3,,2026-09-07
4,"zondag 30 augustus 2026, 20:00",Daan Rots,daan-rots,FC Twente,SC Cambuur,uit,bank,0,0,0,,0,,2026-09-07
4,"zondag 30 augustus 2026, 20:00",Filip Thorvaldsen,filip-thorvaldsen,FC Twente,SC Cambuur,uit,invaller,0,30,0,0,3,,2026-09-07
4,"zondag 30 augustus 2026, 20:00",Lucas Vennegoor Of Hesselink,lucas-vennegoor-of-hesselink,FC Twente,SC Cambuur,uit,bank,0,0,0,,0,,2026-09-07
4,"zondag 30 augustus 2026, 20:00",Sam Lammers,sam-lammers,FC Twente,SC Cambuur,uit,afwezig,0,0,0,,0,blessure,2026-08-31
4,"zondag 30 augustus 2026, 20:00",Kristian Nökkvi Hlynsson,kristian-nokkvi-hlynsson,FC Twente,SC Cambuur,uit,afwezig,0,0,0,,0,blessure,2026-09-07
4,"zondag 30 augustus 2026, 20:00",Stav Lemkin,stav-lemkin,FC Twente,SC Cambuur,uit,afwezig,0,0,0,,0,blessure,2026-09-07
4,"zondag 30 augustus 2026, 16:45",Ronald Koeman Jr.,ronald-koeman-jr,Telstar,Ajax,thuis,basis,1,90,0,0,0,,2026-09-07
4,"zondag 30 augustus 2026, 16:45",Marvin Peersman,marvin-peersman,Telstar,Ajax,thuis,basis,1,77,0,0,0,,2026-09-07
4,"zondag 30 augustus 2026, 16:45",Abdelnour Soualhia,abdelnour-soualhia,Telstar,Ajax,thuis,basis,1,90,0,0,0,,2026-09-07
4,"zondag 30 augustus 2026, 16:45",Sem Valk,sem-valk,Telstar,Ajax,thuis,basis,1,90,0,0,0,,2026-09-07
4,"zondag 30 augustus 2026, 16:45",Jeff Hardeveld,jeff-hardeveld,Telstar,Ajax,thuis,basis,1,65,0,0,0,,2026-09-07
4,"zondag 30 augustus 2026, 16:45",Tyrone Owusu,tyrone-owusu,Telstar,Ajax,thuis,basis,1,90,0,0,0,,2026-09-07
4,"zondag 30 augustus 2026, 16:45",Nils Rossen,nils-rossen,Telstar,Ajax,thuis,basis,1,90,0,0,0,,2026-09-07
4,"zondag 30 augustus 2026, 16:45",Gerald Alders,gerald-alders,Telstar,Ajax,thuis,basis,1,74,0,0,0,,2026-09-07
4,"zondag 30 augustus 2026, 16:45",Patrick Brouwer,patrick-brouwer,Telstar,Ajax,thuis,basis,1,90,0,0,0,,2026-09-07
4,"zondag 30 augustus 2026, 16:45",Rui Mendes,rui-mendes,Telstar,Ajax,thuis,basis,1,65,0,0,0,,2026-09-07
4,"zondag 30 augustus 2026, 16:45",Jelani Seedorf,jelani-seedorf,Telstar,Ajax,thuis,basis,1,65,0,0,0,,2026-09-07
4,"zondag 30 augustus 2026, 16:45",Finn Mulder,finn-mulder,Telstar,Ajax,thuis,bank,0,0,0,,0,,2026-09-07
4,"zondag 30 augustus 2026, 16:45",Daan Reiziger,daan-reiziger,Telstar,Ajax,thuis,bank,0,0,0,,0,,2026-09-07
4,"zondag 30 augustus 2026, 16:45",Nigel Ogidi Nwankwo,nigel-ogidi-nwankwo,Telstar,Ajax,thuis,bank,0,0,0,,0,,2026-09-07
4,"zondag 30 augustus 2026, 16:45",Gabi Caschili,gabi-caschili,Telstar,Ajax,thuis,invaller,0,16,0,0,0,,2026-09-07
4,"zondag 30 augustus 2026, 16:45",Rojendro Oudsten,rojendro-oudsten,Telstar,Ajax,thuis,bank,0,0,0,,0,,2026-09-07
4,"zondag 30 augustus 2026, 16:45",Prince Aning,prince-aning,Telstar,Ajax,thuis,invaller,0,25,0,0,0,,2026-09-07
4,"zondag 30 augustus 2026, 16:45",Isaiah Ahmed,isaiah-ahmed,Telstar,Ajax,thuis,bank,0,0,0,,0,,2026-09-07
4,"zondag 30 augustus 2026, 16:45",Harrie Kuster,harrie-kuster,Telstar,Ajax,thuis,bank,0,0,0,,0,,2026-09-07
4,"zondag 30 augustus 2026, 16:45",Noach Shenkman,noach-shenkman,Telstar,Ajax,thuis,bank,0,0,0,,0,,2026-09-07
4,"zondag 30 augustus 2026, 16:45",Emirhan Demircan,emirhan-demircan,Telstar,Ajax,thuis,invaller,0,13,0,0,0,,2026-09-07
4,"zondag 30 augustus 2026, 16:45",Fabiano Rust,fabiano-rust,Telstar,Ajax,thuis,invaller,0,25,0,0,0,,2026-09-07
4,"zondag 30 augustus 2026, 16:45",Fofin Turay,fofin-turay,Telstar,Ajax,thuis,invaller,0,25,0,0,0,,2026-09-07
4,"zondag 30 augustus 2026, 16:45",Gerald Alders,gerald-alders,Telstar,Ajax,thuis,afwezig,0,0,0,,0,blessure,2026-08-31
4,"zondag 30 augustus 2026, 16:45",Marc ter Stegen,marc-ter-stegen,Ajax,Telstar,uit,basis,1,90,0,1,3,,2026-09-07
4,"zondag 30 augustus 2026, 16:45",Caio Henrique,caio-henrique,Ajax,Telstar,uit,basis,1,82,0,1,3,,2026-09-07
4,"zondag 30 augustus 2026, 16:45",Dies Janse,dies-janse,Ajax,Telstar,uit,basis,1,90,0,1,3,,2026-09-07
4,"zondag 30 augustus 2026, 16:45",Aaron Bouwman,aaron-bouwman,Ajax,Telstar,uit,basis,1,90,0,1,3,,2026-09-07
4,"zondag 30 augustus 2026, 16:45",Anton Gaaei,anton-gaaei,Ajax,Telstar,uit,basis,1,90,0,1,3,,2026-09-07
4,"zondag 30 augustus 2026, 16:45",Oscar Gloukh,oscar-gloukh,Ajax,Telstar,uit,basis,1,73,0,1,3,,2026-09-07
4,"zondag 30 augustus 2026, 16:45",Jorthy Mokio,jorthy-mokio,Ajax,Telstar,uit,basis,1,90,0,1,3,,2026-09-07
4,"zondag 30 augustus 2026, 16:45",Davy Klaassen,davy-klaassen,Ajax,Telstar,uit,basis,1,65,1,1,3,,2026-09-07
4,"zondag 30 augustus 2026, 16:45",Steven Berghuis,steven-berghuis,Ajax,Telstar,uit,basis,1,73,1,1,3,,2026-09-07
4,"zondag 30 augustus 2026, 16:45",Julian Brandt,julian-brandt,Ajax,Telstar,uit,basis,1,66,0,1,3,,2026-09-07
4,"zondag 30 augustus 2026, 16:45",Tolu Arokodare,tolu-arokodare,Ajax,Telstar,uit,basis,1,90,1,1,3,,2026-09-07
4,"zondag 30 augustus 2026, 16:45",Joeri Heerkens,joeri-heerkens,Ajax,Telstar,uit,bank,0,0,0,,0,,2026-09-07
4,"zondag 30 augustus 2026, 16:45",Maarten Paes,maarten-paes,Ajax,Telstar,uit,bank,0,0,0,,0,,2026-09-07
4,"zondag 30 augustus 2026, 16:45",Owen Wijndal,owen-wijndal,Ajax,Telstar,uit,bank,0,0,0,,0,,2026-09-07
4,"zondag 30 augustus 2026, 16:45",Youri Baas,youri-baas,Ajax,Telstar,uit,invaller,0,24,0,1,3,,2026-09-07
4,"zondag 30 augustus 2026, 16:45",Jofre Torrents,jofre-torrents,Ajax,Telstar,uit,invaller,0,8,0,1,3,,2026-09-07
4,"zondag 30 augustus 2026, 16:45",Abdellah Ouazane,abdellah-ouazane,Ajax,Telstar,uit,invaller,0,25,0,1,3,,2026-09-07
4,"zondag 30 augustus 2026, 16:45",Kasper Dolberg,kasper-dolberg,Ajax,Telstar,uit,bank,0,0,0,,0,,2026-09-07
4,"zondag 30 augustus 2026, 16:45",Oliver Edvardsen,oliver-edvardsen,Ajax,Telstar,uit,invaller,0,17,0,1,3,,2026-09-07
4,"zondag 30 augustus 2026, 16:45",Marcos Leonardo,marcos-leonardo,Ajax,Telstar,uit,invaller,0,17,1,1,3,,2026-09-07
4,"zondag 30 augustus 2026, 16:45",Viktor Tsygankov,viktor-tsygankov,Ajax,Telstar,uit,afwezig,0,0,0,,0,blessure,2026-08-31
4,"zondag 30 augustus 2026, 16:45",Youri Regeer,youri-regeer,Ajax,Telstar,uit,afwezig,0,0,0,,0,blessure,2026-08-31
4,"zondag 30 augustus 2026, 16:45",Maher Mauricio Carrizo,maher-mauricio-carrizo,Ajax,Telstar,uit,afwezig,0,0,0,,0,blessure,2026-08-31
4,"zondag 30 augustus 2026, 16:45",Daley Blind,daley-blind,Ajax,Telstar,uit,afwezig,0,0,0,,0,blessure,2026-09-07
4,"zondag 30 augustus 2026, 16:45",Steven Berghuis,steven-berghuis,Ajax,Telstar,uit,afwezig,0,0,0,,0,schorsing,2026-08-31
4,"zondag 30 augustus 2026, 14:30",Karst de Leeuw,karst-de-leeuw,Willem II,sc Heerenveen,thuis,basis,1,90,0,0,1,,2026-09-07
4,"zondag 30 augustus 2026, 14:30",Nathan Tjoe-A-On,nathan-tjoe-a-on,Willem II,sc Heerenveen,thuis,basis,1,85,0,0,1,,2026-09-07
4,"zondag 30 augustus 2026, 14:30",Justin Hoogma,justin-hoogma,Willem II,sc Heerenveen,thuis,basis,1,46,0,0,1,,2026-09-07
4,"zondag 30 augustus 2026, 14:30",Finn Stam,finn-stam,Willem II,sc Heerenveen,thuis,basis,1,90,0,0,1,,2026-09-07
4,"zondag 30 augustus 2026, 14:30",Hidde ter Avest,hidde-ter-avest,Willem II,sc Heerenveen,thuis,basis,1,90,0,0,1,,2026-09-07
4,"zondag 30 augustus 2026, 14:30",Calvin Twigt,calvin-twigt,Willem II,sc Heerenveen,thuis,basis,1,85,0,0,1,,2026-09-07
4,"zondag 30 augustus 2026, 14:30",Kasper Boogaard,kasper-boogaard,Willem II,sc Heerenveen,thuis,basis,1,87,0,0,1,,2026-09-07
4,"zondag 30 augustus 2026, 14:30",Jaden Slory,jaden-slory,Willem II,sc Heerenveen,thuis,basis,1,90,0,0,1,,2026-09-07
4,"zondag 30 augustus 2026, 14:30",Uriël van Aalst,uriel-van-aalst,Willem II,sc Heerenveen,thuis,basis,1,90,1,0,1,,2026-09-07
4,"zondag 30 augustus 2026, 14:30",Eser Gürbüz,eser-gurbuz,Willem II,sc Heerenveen,thuis,basis,1,62,0,0,1,,2026-09-07
4,"zondag 30 augustus 2026, 14:30",Devin Haen,devin-haen,Willem II,sc Heerenveen,thuis,basis,1,90,1,0,1,,2026-09-07
4,"zondag 30 augustus 2026, 14:30",Wouter van der Steen,wouter-van-der-steen,Willem II,sc Heerenveen,thuis,bank,0,0,0,,0,,2026-09-07
4,"zondag 30 augustus 2026, 14:30",Alessandro Ciranni,alessandro-ciranni,Willem II,sc Heerenveen,thuis,invaller,0,5,0,0,1,,2026-09-07
4,"zondag 30 augustus 2026, 14:30",Jens Mathijsen,jens-mathijsen,Willem II,sc Heerenveen,thuis,bank,0,0,0,,0,,2026-09-07
4,"zondag 30 augustus 2026, 14:30",Amine Et Taibi,amine-et-taibi,Willem II,sc Heerenveen,thuis,invaller,0,5,0,0,1,,2026-09-07
4,"zondag 30 augustus 2026, 14:30",Mats Lemmens,mats-lemmens,Willem II,sc Heerenveen,thuis,invaller,0,44,0,0,1,,2026-09-07
4,"zondag 30 augustus 2026, 14:30",Per van Loon,per-van-loon,Willem II,sc Heerenveen,thuis,invaller,0,28,0,0,1,,2026-09-07
4,"zondag 30 augustus 2026, 14:30",Thomas Verheydt,thomas-verheydt,Willem II,sc Heerenveen,thuis,invaller,0,3,0,0,1,,2026-09-07
4,"zondag 30 augustus 2026, 14:30",Tonny Emilio Trindade de Vilhena,tonny-emilio-trindade-de-vilhena,Willem II,sc Heerenveen,thuis,afwezig,0,0,0,,0,blessure,2026-09-07
4,"zondag 30 augustus 2026, 14:30",Armin Culum,armin-culum,Willem II,sc Heerenveen,thuis,afwezig,0,0,0,,0,blessure,2026-09-07
4,"zondag 30 augustus 2026, 14:30",Lasse Abildgaard,lasse-abildgaard,Willem II,sc Heerenveen,thuis,afwezig,0,0,0,,0,blessure,2026-08-31
4,"zondag 30 augustus 2026, 14:30",Thomas Didillon,thomas-didillon,Willem II,sc Heerenveen,thuis,afwezig,0,0,0,,0,blessure,2026-09-07
4,"zondag 30 augustus 2026, 14:30",Bernt Klaverboer,bernt-klaverboer,sc Heerenveen,Willem II,uit,basis,1,90,0,0,1,,2026-09-07
4,"zondag 30 augustus 2026, 14:30",Vasilios Zagaritis,vasilios-zagaritis,sc Heerenveen,Willem II,uit,basis,1,90,0,0,1,,2026-09-07
4,"zondag 30 augustus 2026, 14:30",Maas Willemsen,maas-willemsen,sc Heerenveen,Willem II,uit,basis,1,90,0,0,1,,2026-09-07
4,"zondag 30 augustus 2026, 14:30",Sam Kersten,sam-kersten,sc Heerenveen,Willem II,uit,basis,1,90,0,0,1,,2026-09-07
4,"zondag 30 augustus 2026, 14:30",Oliver Braude,oliver-braude,sc Heerenveen,Willem II,uit,basis,1,90,1,0,1,,2026-09-07
4,"zondag 30 augustus 2026, 14:30",Maxence Rivera,maxence-rivera,sc Heerenveen,Willem II,uit,basis,1,85,0,0,1,,2026-09-07
4,"zondag 30 augustus 2026, 14:30",Dirk Proper,dirk-proper,sc Heerenveen,Willem II,uit,basis,1,90,0,0,1,,2026-09-07
4,"zondag 30 augustus 2026, 14:30",Nolhan Courtens,nolhan-courtens,sc Heerenveen,Willem II,uit,basis,1,69,0,0,1,,2026-09-07
4,"zondag 30 augustus 2026, 14:30",Jacob Trenskow,jacob-trenskow,sc Heerenveen,Willem II,uit,basis,1,90,1,0,1,,2026-09-07
4,"zondag 30 augustus 2026, 14:30",Ringo Meerveld,ringo-meerveld,sc Heerenveen,Willem II,uit,basis,1,69,0,0,1,,2026-09-07
4,"zondag 30 augustus 2026, 14:30",Dylan Vente,dylan-vente,sc Heerenveen,Willem II,uit,basis,1,90,0,0,1,,2026-09-07
4,"zondag 30 augustus 2026, 14:30",T Schreuder,t-schreuder,sc Heerenveen,Willem II,uit,bank,0,0,0,,0,,2026-09-07
4,"zondag 30 augustus 2026, 14:30",Andries Noppert,andries-noppert,sc Heerenveen,Willem II,uit,bank,0,0,0,,0,,2026-09-07
4,"zondag 30 augustus 2026, 14:30",Nikolai Hopland,nikolai-hopland,sc Heerenveen,Willem II,uit,bank,0,0,0,,0,,2026-08-31
4,"zondag 30 augustus 2026, 14:30",Darling Bladi,darling-bladi,sc Heerenveen,Willem II,uit,bank,0,0,0,,0,,2026-09-07
4,"zondag 30 augustus 2026, 14:30",Hristiyan Petrov,hristiyan-petrov,sc Heerenveen,Willem II,uit,bank,0,0,0,,0,,2026-09-07
4,"zondag 30 augustus 2026, 14:30",Luuk Brouwers,luuk-brouwers,sc Heerenveen,Willem II,uit,invaller,0,21,0,0,1,,2026-09-07
4,"zondag 30 augustus 2026, 14:30",Levi Smans,levi-smans,sc Heerenveen,Willem II,uit,invaller,0,21,0,0,1,,2026-09-07
4,"zondag 30 augustus 2026, 14:30",Luca Oyen,luca-oyen,sc Heerenveen,Willem II,uit,invaller,0,5,0,0,1,,2026-09-07
4,"zondag 30 augustus 2026, 14:30",Lanroy Machine,lanroy-machine,sc Heerenveen,Willem II,uit,bank,0,0,0,,0,,2026-09-07
4,"zondag 30 augustus 2026, 14:30",Marcus Linday,marcus-linday,sc Heerenveen,Willem II,uit,afwezig,0,0,0,,0,blessure,2026-09-07
4,"zondag 30 augustus 2026, 14:30",Luuk Brouwers,luuk-brouwers,sc Heerenveen,Willem II,uit,afwezig,0,0,0,,0,blessure,2026-08-31
4,"zondag 30 augustus 2026, 14:30",Nikolai Søyset Hopland,nikolai-soyset-hopland,sc Heerenveen,Willem II,uit,afwezig,0,0,0,,0,blessure,2026-09-07
4,"zondag 30 augustus 2026, 14:30",Mats Egbring,mats-egbring,sc Heerenveen,Willem II,uit,afwezig,0,0,0,,0,blessure,2026-09-07
1,"zondag 9 augustus 2026, 14:30",Filip Yavorov Krastev,filip-yavorov-krastev,PEC Zwolle,Ajax,thuis,afwezig,0,0,0,,0,blessure,2026-09-07
1,"zondag 9 augustus 2026, 14:30",Marc ter Stegen,marc-ter-stegen,Ajax,PEC Zwolle,uit,bank,0,0,0,,0,,2026-09-07
1,"zaterdag 8 augustus 2026, 20:00",Adamo Nagalo,adamo-nagalo,PSV,Fortuna Sittard,thuis,afwezig,0,0,0,,0,blessure,2026-09-07
2,"zaterdag 15 augustus 2026, 20:00",Adamo Nagalo,adamo-nagalo,PSV,Excelsior,uit,afwezig,0,0,0,,0,blessure,2026-09-07
2,"zaterdag 15 augustus 2026, 20:00",Sami Ouaissa,sami-ouaissa,PSV,Excelsior,uit,afwezig,0,0,0,,0,blessure,2026-09-07
2,"zondag 16 augustus 2026, 14:30",Filip Yavorov Krastev,filip-yavorov-krastev,PEC Zwolle,FC Twente,uit,afwezig,0,0,0,,0,blessure,2026-09-07
3,"zaterdag 22 augustus 2026, 16:30",Sam de Laat,sam-de-laat,AZ,Fortuna Sittard,uit,bank,0,0,0,,0,,2026-09-07
3,"zondag 23 augustus 2026, 12:15",Matěj Šín,matej-sin,ADO Den Haag,Go Ahead Eagles,uit,afwezig,0,0,0,,0,blessure,2026-09-07
3,"zondag 23 augustus 2026, 14:30",Adamo Nagalo,adamo-nagalo,PSV,FC Groningen,thuis,afwezig,0,0,0,,0,blessure,2026-09-07
3,"zondag 23 augustus 2026, 14:30",Sami Ouaissa,sami-ouaissa,PSV,FC Groningen,thuis,afwezig,0,0,0,,0,blessure,2026-09-07
3,"zondag 23 augustus 2026, 16:45",Wout Asselman,wout-asselman,SC Cambuur,Feyenoord,thuis,afwezig,0,0,0,,0,blessure,2026-09-07
3,"zaterdag 22 augustus 2026, 21:00",Filip Yavorov Krastev,filip-yavorov-krastev,PEC Zwolle,sc Heerenveen,uit,afwezig,0,0,0,,0,blessure,2026-09-07
3,"zaterdag 22 augustus 2026, 18:45",Joris van Overeem,joris-van-overeem,FC Utrecht,Sparta Rotterdam,uit,afwezig,0,0,0,,0,blessure,2026-09-07
4,"zaterdag 29 augustus 2026, 18:45",Hobie Verhulst,hobie-verhulst,AZ,Go Ahead Eagles,thuis,afwezig,0,0,0,,0,blessure,2026-09-07
4,"vrijdag 28 augustus 2026, 20:00",Rijk Janse,rijk-janse,FC Groningen,Fortuna Sittard,thuis,afwezig,0,0,0,,0,blessure,2026-09-07
4,"zondag 30 augustus 2026, 12:15",Joris van Overeem,joris-van-overeem,FC Utrecht,PSV,thuis,afwezig,0,0,0,,0,blessure,2026-09-07
4,"zondag 30 augustus 2026, 12:15",Sam Lammers,sam-lammers,PSV,FC Utrecht,uit,afwezig,0,0,0,,0,blessure,2026-09-07
4,"zondag 30 augustus 2026, 12:15",Adamo Nagalo,adamo-nagalo,PSV,FC Utrecht,uit,afwezig,0,0,0,,0,blessure,2026-09-07
4,"zondag 30 augustus 2026, 12:15",Sami Ouaissa,sami-ouaissa,PSV,FC Utrecht,uit,afwezig,0,0,0,,0,blessure,2026-09-07
4,"zondag 30 augustus 2026, 14:30",Matěj Šín,matej-sin,ADO Den Haag,Feyenoord,uit,afwezig,0,0,0,,0,blessure,2026-09-07
4,"zaterdag 29 augustus 2026, 21:00",Filip Yavorov Krastev,filip-yavorov-krastev,PEC Zwolle,NEC,thuis,afwezig,0,0,0,,0,blessure,2026-09-07
4,"zondag 30 augustus 2026, 20:00",Wout Asselman,wout-asselman,SC Cambuur,FC Twente,thuis,afwezig,0,0,0,,0,blessure,2026-09-07
5,"zaterdag 5 september 2026, 20:00",Marc ter Stegen,marc-ter-stegen,Ajax,PSV,thuis,basis,1,90,0,0,0,,2026-09-07
5,"zaterdag 5 september 2026, 20:00",Caio Henrique,caio-henrique,Ajax,PSV,thuis,basis,1,90,0,0,0,,2026-09-07
5,"zaterdag 5 september 2026, 20:00",Youri Baas,youri-baas,Ajax,PSV,thuis,basis,1,90,0,0,0,,2026-09-07
5,"zaterdag 5 september 2026, 20:00",Aaron Bouwman,aaron-bouwman,Ajax,PSV,thuis,basis,1,84,0,0,0,,2026-09-07
5,"zaterdag 5 september 2026, 20:00",Anton Gaaei,anton-gaaei,Ajax,PSV,thuis,basis,1,90,0,0,0,,2026-09-07
5,"zaterdag 5 september 2026, 20:00",Julian Brandt,julian-brandt,Ajax,PSV,thuis,basis,1,90,0,0,0,,2026-09-07
5,"zaterdag 5 september 2026, 20:00",Jorthy Mokio,jorthy-mokio,Ajax,PSV,thuis,basis,1,73,0,0,0,,2026-09-07
5,"zaterdag 5 september 2026, 20:00",Davy Klaassen,davy-klaassen,Ajax,PSV,thuis,basis,1,54,0,0,0,,2026-09-07
5,"zaterdag 5 september 2026, 20:00",Oscar Gloukh,oscar-gloukh,Ajax,PSV,thuis,basis,1,54,0,0,0,,2026-09-07
5,"zaterdag 5 september 2026, 20:00",Tolu Arokodare,tolu-arokodare,Ajax,PSV,thuis,basis,1,61,1,0,0,,2026-09-07
5,"zaterdag 5 september 2026, 20:00",Steven Berghuis,steven-berghuis,Ajax,PSV,thuis,basis,1,61,0,0,0,,2026-09-07
5,"zaterdag 5 september 2026, 20:00",Maarten Paes,maarten-paes,Ajax,PSV,thuis,bank,0,0,0,,0,,2026-09-07
5,"zaterdag 5 september 2026, 20:00",Lucas Rosa,lucas-rosa,Ajax,PSV,thuis,bank,0,0,0,,0,,2026-09-07
5,"zaterdag 5 september 2026, 20:00",Owen Wijndal,owen-wijndal,Ajax,PSV,thuis,bank,0,0,0,,0,,2026-09-07
5,"zaterdag 5 september 2026, 20:00",Thilo Kehrer,thilo-kehrer,Ajax,PSV,thuis,invaller,0,6,0,0,0,,2026-09-07
5,"zaterdag 5 september 2026, 20:00",Jofre Torrents,jofre-torrents,Ajax,PSV,thuis,bank,0,0,0,,0,,2026-09-07
5,"zaterdag 5 september 2026, 20:00",Dies Janse,dies-janse,Ajax,PSV,thuis,bank,0,0,0,,0,,2026-09-07
5,"zaterdag 5 september 2026, 20:00",Sofyan Amrabat,sofyan-amrabat,Ajax,PSV,thuis,invaller,0,36,0,0,0,,2026-09-07
5,"zaterdag 5 september 2026, 20:00",Abdellah Ouazane,abdellah-ouazane,Ajax,PSV,thuis,invaller,0,17,0,0,0,,2026-09-07
5,"zaterdag 5 september 2026, 20:00",Kasper Dolberg,kasper-dolberg,Ajax,PSV,thuis,invaller,0,29,0,0,0,,2026-09-07
5,"zaterdag 5 september 2026, 20:00",Viktor Tsygankov,viktor-tsygankov,Ajax,PSV,thuis,invaller,0,29,0,0,0,,2026-09-07
5,"zaterdag 5 september 2026, 20:00",Oliver Edvardsen,oliver-edvardsen,Ajax,PSV,thuis,bank,0,0,0,,0,,2026-09-07
5,"zaterdag 5 september 2026, 20:00",Marcos Leonardo,marcos-leonardo,Ajax,PSV,thuis,invaller,0,36,0,0,0,,2026-09-07
5,"zaterdag 5 september 2026, 20:00",Simon Adingra,simon-adingra,Ajax,PSV,thuis,afwezig,0,0,0,,0,blessure,2026-09-07
5,"zaterdag 5 september 2026, 20:00",Daley Blind,daley-blind,Ajax,PSV,thuis,afwezig,0,0,0,,0,blessure,2026-09-07
5,"zaterdag 5 september 2026, 20:00",Matej Kovar,matej-kovar,PSV,Ajax,uit,basis,1,90,0,0,3,,2026-09-07
5,"zaterdag 5 september 2026, 20:00",Mauro Júnior,mauro-junior,PSV,Ajax,uit,basis,1,73,0,0,3,,2026-09-07
5,"zaterdag 5 september 2026, 20:00",Armando Obispo,armando-obispo,PSV,Ajax,uit,basis,1,88,0,0,3,,2026-09-07
5,"zaterdag 5 september 2026, 20:00",Lutsharel Geertruida,lutsharel-geertruida,PSV,Ajax,uit,basis,1,73,1,0,3,,2026-09-07
5,"zaterdag 5 september 2026, 20:00",Sergiño Dest,sergino-dest,PSV,Ajax,uit,basis,1,90,0,0,3,,2026-09-07
5,"zaterdag 5 september 2026, 20:00",Noah Fernandez,noah-fernandez,PSV,Ajax,uit,basis,1,46,0,0,3,,2026-09-07
5,"zaterdag 5 september 2026, 20:00",Kodai Sano,kodai-sano,PSV,Ajax,uit,basis,1,90,0,0,3,,2026-09-07
5,"zaterdag 5 september 2026, 20:00",Ruben van Bommel,ruben-van-bommel,PSV,Ajax,uit,basis,1,90,0,0,3,,2026-09-07
5,"zaterdag 5 september 2026, 20:00",Guus Til,guus-til,PSV,Ajax,uit,basis,1,90,0,0,3,,2026-09-07
5,"zaterdag 5 september 2026, 20:00",Ivan Perisic,ivan-perisic,PSV,Ajax,uit,basis,1,63,0,0,3,,2026-09-07
5,"zaterdag 5 september 2026, 20:00",Ricardo Pepi,ricardo-pepi,PSV,Ajax,uit,basis,1,63,1,0,3,,2026-09-07
5,"zaterdag 5 september 2026, 20:00",Nick Olij,nick-olij,PSV,Ajax,uit,bank,0,0,0,,0,,2026-09-07
5,"zaterdag 5 september 2026, 20:00",Yarek Gasiorowski,yarek-gasiorowski,PSV,Ajax,uit,invaller,0,2,0,0,3,,2026-09-07
5,"zaterdag 5 september 2026, 20:00",Ryan Flamingo,ryan-flamingo,PSV,Ajax,uit,invaller,0,17,0,0,3,,2026-09-07
5,"zaterdag 5 september 2026, 20:00",Paul Wanner,paul-wanner,PSV,Ajax,uit,invaller,0,44,0,0,3,,2026-09-07
5,"zaterdag 5 september 2026, 20:00",Filip Kostic,filip-kostic,PSV,Ajax,uit,invaller,0,17,0,0,3,,2026-09-07
5,"zaterdag 5 september 2026, 20:00",Sven Mijnans,sven-mijnans,PSV,Ajax,uit,invaller,0,27,0,0,3,,2026-09-07
5,"zaterdag 5 september 2026, 20:00",Ayoni Santos,ayoni-santos,PSV,Ajax,uit,bank,0,0,0,,0,,2026-09-07
5,"zaterdag 5 september 2026, 20:00",Esmir Bajraktarevic,esmir-bajraktarevic,PSV,Ajax,uit,invaller,0,27,1,0,3,,2026-09-07
5,"zaterdag 5 september 2026, 20:00",Kiliann Sildillia,kiliann-sildillia,PSV,Ajax,uit,afwezig,0,0,0,,0,blessure,2026-09-07
5,"zaterdag 5 september 2026, 20:00",Sam Lammers,sam-lammers,PSV,Ajax,uit,afwezig,0,0,0,,0,blessure,2026-09-07
5,"zaterdag 5 september 2026, 20:00",Adamo Nagalo,adamo-nagalo,PSV,Ajax,uit,afwezig,0,0,0,,0,schorsing,2026-09-07
5,"zaterdag 5 september 2026, 20:00",Dennis Man,dennis-man,PSV,Ajax,uit,afwezig,0,0,0,,0,blessure,2026-09-07
5,"zaterdag 5 september 2026, 20:00",Mikkel Bro Hansen,mikkel-bro-hansen,PSV,Ajax,uit,afwezig,0,0,0,,0,schorsing,2026-09-07
5,"zaterdag 5 september 2026, 20:00",Jerdy Schouten,jerdy-schouten,PSV,Ajax,uit,afwezig,0,0,0,,0,blessure,2026-09-07
5,"zaterdag 5 september 2026, 20:00",Alassane Pléa,alassane-plea,PSV,Ajax,uit,afwezig,0,0,0,,0,blessure,2026-09-07
5,"zaterdag 5 september 2026, 20:00",Sami Ouaissa,sami-ouaissa,PSV,Ajax,uit,afwezig,0,0,0,,0,blessure,2026-09-07
5,"zaterdag 5 september 2026, 16:30",Gonzalo Crettaz,gonzalo-crettaz,NEC,Feyenoord,thuis,basis,1,90,0,0,0,,2026-09-07
5,"zaterdag 5 september 2026, 16:30",Almugera Kabar,almugera-kabar,NEC,Feyenoord,thuis,basis,1,72,0,0,0,,2026-09-07
5,"zaterdag 5 september 2026, 16:30",Bram Nuytinck,bram-nuytinck,NEC,Feyenoord,thuis,basis,1,80,0,0,0,,2026-09-07
5,"zaterdag 5 september 2026, 16:30",Tobias Storm,tobias-storm,NEC,Feyenoord,thuis,basis,1,90,0,0,0,,2026-09-07
5,"zaterdag 5 september 2026, 16:30",Clement Bischoff,clement-bischoff,NEC,Feyenoord,thuis,basis,1,72,0,0,0,,2026-09-07
5,"zaterdag 5 september 2026, 16:30",Noé Lebreton,noe-lebreton,NEC,Feyenoord,thuis,basis,1,90,0,0,0,,2026-09-07
5,"zaterdag 5 september 2026, 16:30",Darko Nejasmic,darko-nejasmic,NEC,Feyenoord,thuis,basis,1,90,1,0,0,,2026-09-07
5,"zaterdag 5 september 2026, 16:30",Dusan Tadic,dusan-tadic,NEC,Feyenoord,thuis,basis,1,80,0,0,0,,2026-09-07
5,"zaterdag 5 september 2026, 16:30",Tjaronn Chery,tjaronn-chery,NEC,Feyenoord,thuis,basis,1,90,0,0,0,,2026-09-07
5,"zaterdag 5 september 2026, 16:30",Bryan Linssen,bryan-linssen,NEC,Feyenoord,thuis,basis,1,90,0,0,0,,2026-09-07
5,"zaterdag 5 september 2026, 16:30",Kaj Sierhuis,kaj-sierhuis,NEC,Feyenoord,thuis,basis,1,72,0,0,0,,2026-09-07
5,"zaterdag 5 september 2026, 16:30",T Storm,t-storm,NEC,Feyenoord,thuis,bank,0,0,0,,0,,2026-09-07
5,"zaterdag 5 september 2026, 16:30",Nikolas Polster,nikolas-polster,NEC,Feyenoord,thuis,bank,0,0,0,,0,,2026-09-07
5,"zaterdag 5 september 2026, 16:30",Joep Geneste,joep-geneste,NEC,Feyenoord,thuis,bank,0,0,0,,0,,2026-09-07
5,"zaterdag 5 september 2026, 16:30",P Schuurs,p-schuurs,NEC,Feyenoord,thuis,bank,0,0,0,,0,,2026-09-07
5,"zaterdag 5 september 2026, 16:30",Gabriel Bras,gabriel-bras,NEC,Feyenoord,thuis,invaller,0,18,0,0,0,,2026-09-07
5,"zaterdag 5 september 2026, 16:30",Isak Hansen Aaren,isak-hansen-aaren,NEC,Feyenoord,thuis,bank,0,0,0,,0,,2026-09-07
5,"zaterdag 5 september 2026, 16:30",Willum Thor Willumsson,willum-thor-willumsson,NEC,Feyenoord,thuis,bank,0,0,0,,0,,2026-09-07
5,"zaterdag 5 september 2026, 16:30",Dennis Geiger,dennis-geiger,NEC,Feyenoord,thuis,invaller,0,18,0,0,0,,2026-09-07
5,"zaterdag 5 september 2026, 16:30",Jamiro Monteiro,jamiro-monteiro,NEC,Feyenoord,thuis,bank,0,0,0,,0,,2026-09-07
5,"zaterdag 5 september 2026, 16:30",Adam Tahaui,adam-tahaui,NEC,Feyenoord,thuis,invaller,0,10,0,0,0,,2026-09-07
5,"zaterdag 5 september 2026, 16:30",Kevin Kers,kevin-kers,NEC,Feyenoord,thuis,bank,0,0,0,,0,,2026-09-07
5,"zaterdag 5 september 2026, 16:30",Ayodele Thomas,ayodele-thomas,NEC,Feyenoord,thuis,invaller,0,18,0,0,0,,2026-09-07
5,"zaterdag 5 september 2026, 16:30",Deveron Fonville,deveron-fonville,NEC,Feyenoord,thuis,afwezig,0,0,0,,0,blessure,2026-09-07
5,"zaterdag 5 september 2026, 16:30",Philippe Sandler,philippe-sandler,NEC,Feyenoord,thuis,afwezig,0,0,0,,0,blessure,2026-09-07
5,"zaterdag 5 september 2026, 16:30",Emre Mor,emre-mor,NEC,Feyenoord,thuis,afwezig,0,0,0,,0,blessure,2026-09-07
5,"zaterdag 5 september 2026, 16:30",Thomas Ouwejan,thomas-ouwejan,NEC,Feyenoord,thuis,afwezig,0,0,0,,0,blessure,2026-09-07
5,"zaterdag 5 september 2026, 16:30",Yassin Moslih,yassin-moslih,NEC,Feyenoord,thuis,afwezig,0,0,0,,0,blessure,2026-09-07
5,"zaterdag 5 september 2026, 16:30",Tjark Ernst,tjark-ernst,Feyenoord,NEC,uit,basis,1,90,0,0,3,,2026-09-07
5,"zaterdag 5 september 2026, 16:30",Mika Mármol,mika-marmol,Feyenoord,NEC,uit,basis,1,90,0,0,3,,2026-09-07
5,"zaterdag 5 september 2026, 16:30",Jeremiah St. Juste,jeremiah-st-juste,Feyenoord,NEC,uit,basis,1,90,0,0,3,,2026-09-07
5,"zaterdag 5 september 2026, 16:30",Tsuyoshi Watanabe,tsuyoshi-watanabe,Feyenoord,NEC,uit,basis,1,90,0,0,3,,2026-09-07
5,"zaterdag 5 september 2026, 16:30",Givairo Read,givairo-read,Feyenoord,NEC,uit,basis,1,80,0,0,3,,2026-09-07
5,"zaterdag 5 september 2026, 16:30",Charles Vanhoutte,charles-vanhoutte,Feyenoord,NEC,uit,basis,1,90,0,0,3,,2026-09-07
5,"zaterdag 5 september 2026, 16:30",Gjivai Zechiël,gjivai-zechiel,Feyenoord,NEC,uit,basis,1,80,1,0,3,,2026-09-07
5,"zaterdag 5 september 2026, 16:30",Oussama Targhalline,oussama-targhalline,Feyenoord,NEC,uit,basis,1,85,0,0,3,,2026-09-07
5,"zaterdag 5 september 2026, 16:30",Luciano Valente,luciano-valente,Feyenoord,NEC,uit,basis,1,90,1,0,3,,2026-09-07
5,"zaterdag 5 september 2026, 16:30",Nacho Ferri,nacho-ferri,Feyenoord,NEC,uit,basis,1,59,0,0,3,,2026-09-07
5,"zaterdag 5 september 2026, 16:30",Gaoussou Diarra,gaoussou-diarra,Feyenoord,NEC,uit,basis,1,59,0,0,3,,2026-09-07
5,"zaterdag 5 september 2026, 16:30",Florian Kastenmeier,florian-kastenmeier,Feyenoord,NEC,uit,bank,0,0,0,,0,,2026-09-07
5,"zaterdag 5 september 2026, 16:30",Liam Bossin,liam-bossin,Feyenoord,NEC,uit,bank,0,0,0,,0,,2026-09-07
5,"zaterdag 5 september 2026, 16:30",Javi Lopez,javi-lopez,Feyenoord,NEC,uit,bank,0,0,0,,0,,2026-09-07
5,"zaterdag 5 september 2026, 16:30",Mats Deijl,mats-deijl,Feyenoord,NEC,uit,invaller,0,10,0,0,3,,2026-09-07
5,"zaterdag 5 september 2026, 16:30",Tijme Wessels,tijme-wessels,Feyenoord,NEC,uit,bank,0,0,0,,0,,2026-09-07
5,"zaterdag 5 september 2026, 16:30",Sem Steijn,sem-steijn,Feyenoord,NEC,uit,bank,0,0,0,,0,,2026-09-07
5,"zaterdag 5 september 2026, 16:30",Tobias van den Elshout,tobias-van-den-elshout,Feyenoord,NEC,uit,invaller,0,10,0,0,3,,2026-09-07
5,"zaterdag 5 september 2026, 16:30",Thijs Kraaijeveld,thijs-kraaijeveld,Feyenoord,NEC,uit,invaller,0,5,0,0,3,,2026-09-07
5,"zaterdag 5 september 2026, 16:30",Goncalo Borges,goncalo-borges,Feyenoord,NEC,uit,bank,0,0,0,,0,,2026-09-07
5,"zaterdag 5 september 2026, 16:30",Jivayno Zinhagel,jivayno-zinhagel,Feyenoord,NEC,uit,bank,0,0,0,,0,,2026-09-07
5,"zaterdag 5 september 2026, 16:30",Shaqueel van Persie,shaqueel-van-persie,Feyenoord,NEC,uit,invaller,0,31,0,0,3,,2026-09-07
5,"zaterdag 5 september 2026, 16:30",Gonçalo Oscar Albuquerque Borges,goncalo-oscar-albuquerque-borges,Feyenoord,NEC,uit,afwezig,0,0,0,,0,blessure,2026-09-07
5,"zaterdag 5 september 2026, 16:30",Jordan Bos,jordan-bos,Feyenoord,NEC,uit,afwezig,0,0,0,,0,blessure,2026-09-07
5,"zaterdag 5 september 2026, 16:30",Gijs Smal,gijs-smal,Feyenoord,NEC,uit,afwezig,0,0,0,,0,blessure,2026-09-07
5,"zaterdag 5 september 2026, 16:30",Ayase Ueda,ayase-ueda,Feyenoord,NEC,uit,afwezig,0,0,0,,0,afwezig,2026-09-07
5,"vrijdag 4 september 2026, 20:00",Michael Brouwer,michael-brouwer,Sparta Rotterdam,PEC Zwolle,thuis,basis,1,90,0,0,1,,2026-09-07
5,"vrijdag 4 september 2026, 20:00",Bas Kuipers,bas-kuipers,Sparta Rotterdam,PEC Zwolle,thuis,basis,1,90,0,0,1,,2026-09-07
5,"vrijdag 4 september 2026, 20:00",Bruno Martins Indi,bruno-martins-indi,Sparta Rotterdam,PEC Zwolle,thuis,basis,1,86,0,0,1,,2026-09-07
5,"vrijdag 4 september 2026, 20:00",Marvin Young,marvin-young,Sparta Rotterdam,PEC Zwolle,thuis,basis,1,90,0,0,1,,2026-09-07
5,"vrijdag 4 september 2026, 20:00",Lushendry Martes,lushendry-martes,Sparta Rotterdam,PEC Zwolle,thuis,basis,1,90,0,0,1,,2026-09-07
5,"vrijdag 4 september 2026, 20:00",Cedric Hatenboer,cedric-hatenboer,Sparta Rotterdam,PEC Zwolle,thuis,basis,1,79,0,0,1,,2026-09-07
5,"vrijdag 4 september 2026, 20:00",Julian Baas,julian-baas,Sparta Rotterdam,PEC Zwolle,thuis,basis,1,79,0,0,1,,2026-09-07
5,"vrijdag 4 september 2026, 20:00",Mitchell van Bergen,mitchell-van-bergen,Sparta Rotterdam,PEC Zwolle,thuis,basis,1,90,0,0,1,,2026-09-07
5,"vrijdag 4 september 2026, 20:00",Shunsuke Mito,shunsuke-mito,Sparta Rotterdam,PEC Zwolle,thuis,basis,1,90,0,0,1,,2026-09-07
5,"vrijdag 4 september 2026, 20:00",Casper Terho,casper-terho,Sparta Rotterdam,PEC Zwolle,thuis,basis,1,68,0,0,1,,2026-09-07
5,"vrijdag 4 september 2026, 20:00",Milan Zonneveld,milan-zonneveld,Sparta Rotterdam,PEC Zwolle,thuis,basis,1,86,1,0,1,,2026-09-07
5,"vrijdag 4 september 2026, 20:00",Lushendry Edward Martes,lushendry-edward-martes,Sparta Rotterdam,PEC Zwolle,thuis,bank,0,0,0,,0,,2026-09-07
5,"vrijdag 4 september 2026, 20:00",Filip Bednarek,filip-bednarek,Sparta Rotterdam,PEC Zwolle,thuis,bank,0,0,0,,0,,2026-09-07
5,"vrijdag 4 september 2026, 20:00",Pascal Kuiper,pascal-kuiper,Sparta Rotterdam,PEC Zwolle,thuis,bank,0,0,0,,0,,2026-09-07
5,"vrijdag 4 september 2026, 20:00",Boyd Reith,boyd-reith,Sparta Rotterdam,PEC Zwolle,thuis,bank,0,0,0,,0,,2026-09-07
5,"vrijdag 4 september 2026, 20:00",Nick Verschuren,nick-verschuren,Sparta Rotterdam,PEC Zwolle,thuis,invaller,0,4,0,0,1,,2026-09-07
5,"vrijdag 4 september 2026, 20:00",Teo Quintero,teo-quintero,Sparta Rotterdam,PEC Zwolle,thuis,bank,0,0,0,,0,,2026-09-07
5,"vrijdag 4 september 2026, 20:00",Giannino Vianello,giannino-vianello,Sparta Rotterdam,PEC Zwolle,thuis,bank,0,0,0,,0,,2026-09-07
5,"vrijdag 4 september 2026, 20:00",A Roaldsy,a-roaldsy,Sparta Rotterdam,PEC Zwolle,thuis,bank,0,0,0,,0,,2026-09-07
5,"vrijdag 4 september 2026, 20:00",Jens Toornstra,jens-toornstra,Sparta Rotterdam,PEC Zwolle,thuis,invaller,0,11,0,0,1,,2026-09-07
5,"vrijdag 4 september 2026, 20:00",Isaac Babadi,isaac-babadi,Sparta Rotterdam,PEC Zwolle,thuis,invaller,0,22,1,0,1,,2026-09-07
5,"vrijdag 4 september 2026, 20:00",Andrej Kostic,andrej-kostic,Sparta Rotterdam,PEC Zwolle,thuis,invaller,0,4,0,0,1,,2026-09-07
5,"vrijdag 4 september 2026, 20:00",Joel Ideho,joel-ideho,Sparta Rotterdam,PEC Zwolle,thuis,bank,0,0,0,,0,,2026-09-07
5,"vrijdag 4 september 2026, 20:00",Max de Ligt,max-de-ligt,Sparta Rotterdam,PEC Zwolle,thuis,afwezig,0,0,0,,0,blessure,2026-09-07
5,"vrijdag 4 september 2026, 20:00",Robin van Cruijsen,robin-van-cruijsen,Sparta Rotterdam,PEC Zwolle,thuis,afwezig,0,0,0,,0,blessure,2026-09-07
5,"vrijdag 4 september 2026, 20:00",Jasper Schendelaar,jasper-schendelaar,PEC Zwolle,Sparta Rotterdam,uit,basis,1,90,0,0,1,,2026-09-07
5,"vrijdag 4 september 2026, 20:00",Sherel Floranus,sherel-floranus,PEC Zwolle,Sparta Rotterdam,uit,basis,1,75,0,0,1,,2026-09-07
5,"vrijdag 4 september 2026, 20:00",Nick Viergever,nick-viergever,PEC Zwolle,Sparta Rotterdam,uit,basis,1,90,0,0,1,,2026-09-07
5,"vrijdag 4 september 2026, 20:00",Simon Graves,simon-graves,PEC Zwolle,Sparta Rotterdam,uit,basis,1,90,0,0,1,,2026-09-07
5,"vrijdag 4 september 2026, 20:00",Olivier Aertssen,olivier-aertssen,PEC Zwolle,Sparta Rotterdam,uit,basis,1,90,0,0,1,,2026-09-07
5,"vrijdag 4 september 2026, 20:00",Tobias Sommer,tobias-sommer,PEC Zwolle,Sparta Rotterdam,uit,basis,1,88,0,0,1,,2026-09-07
5,"vrijdag 4 september 2026, 20:00",Ryan Thomas,ryan-thomas,PEC Zwolle,Sparta Rotterdam,uit,basis,1,90,0,0,1,,2026-09-07
5,"vrijdag 4 september 2026, 20:00",Ibrahim Cissoko,ibrahim-cissoko,PEC Zwolle,Sparta Rotterdam,uit,basis,1,75,1,0,1,,2026-09-07
5,"vrijdag 4 september 2026, 20:00",Thijs Oosting,thijs-oosting,PEC Zwolle,Sparta Rotterdam,uit,basis,1,63,0,0,1,,2026-09-07
5,"vrijdag 4 september 2026, 20:00",Dylan Mbayo,dylan-mbayo,PEC Zwolle,Sparta Rotterdam,uit,basis,1,90,0,0,1,,2026-09-07
5,"vrijdag 4 september 2026, 20:00",Koen Kostons,koen-kostons,PEC Zwolle,Sparta Rotterdam,uit,basis,1,90,1,0,1,,2026-09-07
5,"vrijdag 4 september 2026, 20:00",T Sommer,t-sommer,PEC Zwolle,Sparta Rotterdam,uit,bank,0,0,0,,0,,2026-09-07
5,"vrijdag 4 september 2026, 20:00",Tom de Graaff,tom-de-graaff,PEC Zwolle,Sparta Rotterdam,uit,bank,0,0,0,,0,,2026-09-07
5,"vrijdag 4 september 2026, 20:00",Duke Verduin,duke-verduin,PEC Zwolle,Sparta Rotterdam,uit,bank,0,0,0,,0,,2026-09-07
5,"vrijdag 4 september 2026, 20:00",Tijs Velthuis,tijs-velthuis,PEC Zwolle,Sparta Rotterdam,uit,bank,0,0,0,,0,,2026-09-07
5,"vrijdag 4 september 2026, 20:00",Damian van der Haar,damian-van-der-haar,PEC Zwolle,Sparta Rotterdam,uit,invaller,0,15,0,0,1,,2026-09-07
5,"vrijdag 4 september 2026, 20:00",Odysseus Velanas,odysseus-velanas,PEC Zwolle,Sparta Rotterdam,uit,invaller,0,27,0,0,1,,2026-09-07
5,"vrijdag 4 september 2026, 20:00",Gabriel Reiziger,gabriel-reiziger,PEC Zwolle,Sparta Rotterdam,uit,bank,0,0,0,,0,,2026-09-07
5,"vrijdag 4 september 2026, 20:00",Jadiel Pereira Da Gama,jadiel-pereira-da-gama,PEC Zwolle,Sparta Rotterdam,uit,bank,0,0,0,,0,,2026-09-07
5,"vrijdag 4 september 2026, 20:00",Nick Fichtinger,nick-fichtinger,PEC Zwolle,Sparta Rotterdam,uit,bank,0,0,0,,0,,2026-09-07
5,"vrijdag 4 september 2026, 20:00",Givaro Rahajaan,givaro-rahajaan,PEC Zwolle,Sparta Rotterdam,uit,bank,0,0,0,,0,,2026-09-07
5,"vrijdag 4 september 2026, 20:00",Elias Srensen,elias-srensen,PEC Zwolle,Sparta Rotterdam,uit,bank,0,0,0,,0,,2026-09-07
5,"vrijdag 4 september 2026, 20:00",Sydney van Hooijdonk,sydney-van-hooijdonk,PEC Zwolle,Sparta Rotterdam,uit,invaller,0,15,0,0,1,,2026-09-07
5,"vrijdag 4 september 2026, 20:00",Jan Bürger,jan-burger,PEC Zwolle,Sparta Rotterdam,uit,afwezig,0,0,0,,0,blessure,2026-09-06
5,"vrijdag 4 september 2026, 20:00",Filip Yavorov Krastev,filip-yavorov-krastev,PEC Zwolle,Sparta Rotterdam,uit,afwezig,0,0,0,,0,blessure,2026-09-07
5,"zaterdag 5 september 2026, 21:00",Maxime Delanghe,maxime-delanghe,Willem II,Excelsior,thuis,basis,1,90,0,0,0,,2026-09-07
5,"zaterdag 5 september 2026, 21:00",Nathan Tjoe-A-On,nathan-tjoe-a-on,Willem II,Excelsior,thuis,basis,1,90,0,0,0,,2026-09-07
5,"zaterdag 5 september 2026, 21:00",Mats Lemmens,mats-lemmens,Willem II,Excelsior,thuis,basis,1,46,0,0,0,,2026-09-07
5,"zaterdag 5 september 2026, 21:00",Finn Stam,finn-stam,Willem II,Excelsior,thuis,basis,1,90,0,0,0,,2026-09-07
5,"zaterdag 5 september 2026, 21:00",Hidde ter Avest,hidde-ter-avest,Willem II,Excelsior,thuis,basis,1,90,0,0,0,,2026-09-07
5,"zaterdag 5 september 2026, 21:00",Calvin Twigt,calvin-twigt,Willem II,Excelsior,thuis,basis,1,90,0,0,0,,2026-09-07
5,"zaterdag 5 september 2026, 21:00",Kasper Boogaard,kasper-boogaard,Willem II,Excelsior,thuis,basis,1,63,0,0,0,,2026-09-07
5,"zaterdag 5 september 2026, 21:00",Jaden Slory,jaden-slory,Willem II,Excelsior,thuis,basis,1,82,0,0,0,,2026-09-07
5,"zaterdag 5 september 2026, 21:00",Uriël van Aalst,uriel-van-aalst,Willem II,Excelsior,thuis,basis,1,90,0,0,0,,2026-09-07
5,"zaterdag 5 september 2026, 21:00",Eser Gürbüz,eser-gurbuz,Willem II,Excelsior,thuis,basis,1,46,0,0,0,,2026-09-07
5,"zaterdag 5 september 2026, 21:00",Devin Haen,devin-haen,Willem II,Excelsior,thuis,basis,1,90,0,0,0,,2026-09-07
5,"zaterdag 5 september 2026, 21:00",Wouter van der Steen,wouter-van-der-steen,Willem II,Excelsior,thuis,bank,0,0,0,,0,,2026-09-07
5,"zaterdag 5 september 2026, 21:00",Karst de Leeuw,karst-de-leeuw,Willem II,Excelsior,thuis,bank,0,0,0,,0,,2026-09-07
5,"zaterdag 5 september 2026, 21:00",Alessandro Ciranni,alessandro-ciranni,Willem II,Excelsior,thuis,bank,0,0,0,,0,,2026-09-07
5,"zaterdag 5 september 2026, 21:00",Jens Mathijsen,jens-mathijsen,Willem II,Excelsior,thuis,bank,0,0,0,,0,,2026-09-07
5,"zaterdag 5 september 2026, 21:00",Amine Et Taibi,amine-et-taibi,Willem II,Excelsior,thuis,bank,0,0,0,,0,,2026-09-07
5,"zaterdag 5 september 2026, 21:00",Maxim Dekker,maxim-dekker,Willem II,Excelsior,thuis,invaller,0,44,0,0,0,,2026-09-07
5,"zaterdag 5 september 2026, 21:00",Per van Loon,per-van-loon,Willem II,Excelsior,thuis,bank,0,0,0,,0,,2026-09-07
5,"zaterdag 5 september 2026, 21:00",Tonny Vilhena,tonny-vilhena,Willem II,Excelsior,thuis,invaller,0,44,0,0,0,,2026-09-07
5,"zaterdag 5 september 2026, 21:00",Chido Obi,chido-obi,Willem II,Excelsior,thuis,invaller,0,8,0,0,0,,2026-09-07
5,"zaterdag 5 september 2026, 21:00",Thomas Verheydt,thomas-verheydt,Willem II,Excelsior,thuis,invaller,0,27,0,0,0,,2026-09-07
5,"zaterdag 5 september 2026, 21:00",Tonny Emilio Trindade de Vilhena,tonny-emilio-trindade-de-vilhena,Willem II,Excelsior,thuis,afwezig,0,0,0,,0,blessure,2026-09-07
5,"zaterdag 5 september 2026, 21:00",Justin Hoogma,justin-hoogma,Willem II,Excelsior,thuis,afwezig,0,0,0,,0,blessure,2026-09-07
5,"zaterdag 5 september 2026, 21:00",Armin Culum,armin-culum,Willem II,Excelsior,thuis,afwezig,0,0,0,,0,blessure,2026-09-07
5,"zaterdag 5 september 2026, 21:00",Thomas Didillon,thomas-didillon,Willem II,Excelsior,thuis,afwezig,0,0,0,,0,blessure,2026-09-07
5,"zaterdag 5 september 2026, 21:00",Stijn van Gassel,stijn-van-gassel,Excelsior,Willem II,uit,basis,1,90,0,1,3,,2026-09-07
5,"zaterdag 5 september 2026, 21:00",Simon Janssen,simon-janssen,Excelsior,Willem II,uit,basis,1,90,0,1,3,,2026-09-07
5,"zaterdag 5 september 2026, 21:00",Jan Plug,jan-plug,Excelsior,Willem II,uit,basis,1,90,0,1,3,,2026-09-07
5,"zaterdag 5 september 2026, 21:00",Casper Widell,casper-widell,Excelsior,Willem II,uit,basis,1,90,0,1,3,,2026-09-07
5,"zaterdag 5 september 2026, 21:00",Rick Meissen,rick-meissen,Excelsior,Willem II,uit,basis,1,90,1,1,3,,2026-09-07
5,"zaterdag 5 september 2026, 21:00",Eric da Silva Moreira,eric-da-silva-moreira,Excelsior,Willem II,uit,basis,1,65,0,1,3,,2026-09-07
5,"zaterdag 5 september 2026, 21:00",Ágúst Orri Thorsteinsson,agust-orri-thorsteinsson,Excelsior,Willem II,uit,basis,1,71,0,1,3,,2026-09-07
5,"zaterdag 5 september 2026, 21:00",Lennard Hartjes,lennard-hartjes,Excelsior,Willem II,uit,basis,1,90,0,1,3,,2026-09-07
5,"zaterdag 5 september 2026, 21:00",Irakli Yegoian,irakli-yegoian,Excelsior,Willem II,uit,basis,1,90,1,1,3,,2026-09-07
5,"zaterdag 5 september 2026, 21:00",Aymen Sliti,aymen-sliti,Excelsior,Willem II,uit,basis,1,64,0,1,3,,2026-09-07
5,"zaterdag 5 september 2026, 21:00",David Garden,david-garden,Excelsior,Willem II,uit,basis,1,82,1,1,3,,2026-09-07
5,"zaterdag 5 september 2026, 21:00",Tijmen Holla,tijmen-holla,Excelsior,Willem II,uit,bank,0,0,0,,0,,2026-09-07
5,"zaterdag 5 september 2026, 21:00",Osman Turay,osman-turay,Excelsior,Willem II,uit,bank,0,0,0,,0,,2026-09-07
5,"zaterdag 5 september 2026, 21:00",Daniel van Vianen,daniel-van-vianen,Excelsior,Willem II,uit,invaller,0,25,0,1,3,,2026-09-07
5,"zaterdag 5 september 2026, 21:00",Valentin Sulzbacher,valentin-sulzbacher,Excelsior,Willem II,uit,bank,0,0,0,,0,,2026-09-07
5,"zaterdag 5 september 2026, 21:00",Y Finey,y-finey,Excelsior,Willem II,uit,bank,0,0,0,,0,,2026-09-07
5,"zaterdag 5 september 2026, 21:00",Giulliano Cairo,giulliano-cairo,Excelsior,Willem II,uit,bank,0,0,0,,0,,2026-09-07
5,"zaterdag 5 september 2026, 21:00",Mario Dominguez,mario-dominguez,Excelsior,Willem II,uit,bank,0,0,0,,0,,2026-09-07
5,"zaterdag 5 september 2026, 21:00",Kasey Bos,kasey-bos,Excelsior,Willem II,uit,bank,0,0,0,,0,,2026-09-07
5,"zaterdag 5 september 2026, 21:00",Ilano Silva Timas,ilano-silva-timas,Excelsior,Willem II,uit,invaller,0,26,0,1,3,,2026-09-07
5,"zaterdag 5 september 2026, 21:00",Nesto Groen,nesto-groen,Excelsior,Willem II,uit,invaller,0,19,0,1,3,,2026-09-07
5,"zaterdag 5 september 2026, 21:00",Alireza Jahanbakhsh,alireza-jahanbakhsh,Excelsior,Willem II,uit,afwezig,0,0,0,,0,blessure,2026-09-07
5,"zaterdag 5 september 2026, 21:00",Mario Dominguez,mario-dominguez,Excelsior,Willem II,uit,afwezig,0,0,0,,0,blessure,2026-09-07
5,"zaterdag 5 september 2026, 21:00",Noah Naujoks,noah-naujoks,Excelsior,Willem II,uit,afwezig,0,0,0,,0,blessure,2026-09-07
1,"zaterdag 8 augustus 2026, 21:00",Hessel de Wit,hessel-de-wit,AZ,ADO Den Haag,thuis,invaller,0,18,0,1,3,,2026-09-07
1,"zondag 9 augustus 2026, 14:30",Gilles van der Wal,gilles-van-der-wal,PEC Zwolle,Ajax,thuis,bank,0,0,0,,0,,2026-09-07
1,"zaterdag 8 augustus 2026, 20:00",Gani Buyukhan,gani-buyukhan,Fortuna Sittard,PSV,uit,invaller,0,3,0,0,1,,2026-09-07
2,"zaterdag 15 augustus 2026, 20:00",Khadim Ngom,khadim-ngom,PSV,Excelsior,uit,bank,0,0,0,,0,,2026-09-07
2,"zondag 16 augustus 2026, 14:30",Gilles van der Wal,gilles-van-der-wal,PEC Zwolle,FC Twente,uit,bank,0,0,0,,0,,2026-09-07
2,"zaterdag 15 augustus 2026, 18:45",Hessel de Wit,hessel-de-wit,AZ,FC Utrecht,uit,bank,0,0,0,,0,,2026-09-07
2,"zaterdag 15 augustus 2026, 21:00",Gani Buyukhan,gani-buyukhan,Fortuna Sittard,SC Cambuur,thuis,bank,0,0,0,,0,,2026-09-07
3,"zaterdag 22 augustus 2026, 16:30",Hessel de Wit,hessel-de-wit,AZ,Fortuna Sittard,uit,bank,0,0,0,,0,,2026-09-07
3,"zondag 23 augustus 2026, 14:30",Khadim Ngom,khadim-ngom,PSV,FC Groningen,thuis,bank,0,0,0,,0,,2026-09-07
3,"zondag 23 augustus 2026, 14:30",Mikkel Bro Hansen,mikkel-bro-hansen,PSV,FC Groningen,thuis,afwezig,0,0,0,,0,blessure,2026-09-07
3,"zaterdag 22 augustus 2026, 21:00",Gilles van der Wal,gilles-van-der-wal,PEC Zwolle,sc Heerenveen,uit,bank,0,0,0,,0,,2026-09-07
4,"zaterdag 29 augustus 2026, 18:45",Hessel de Wit,hessel-de-wit,AZ,Go Ahead Eagles,thuis,bank,0,0,0,,0,,2026-09-07
4,"vrijdag 28 augustus 2026, 20:00",Gani Buyukhan,gani-buyukhan,Fortuna Sittard,FC Groningen,uit,bank,0,0,0,,0,,2026-09-07
4,"zondag 30 augustus 2026, 12:15",Khadim Ngom,khadim-ngom,PSV,FC Utrecht,uit,bank,0,0,0,,0,,2026-09-07
4,"zondag 30 augustus 2026, 12:15",Mikkel Bro Hansen,mikkel-bro-hansen,PSV,FC Utrecht,uit,afwezig,0,0,0,,0,blessure,2026-09-07
4,"zaterdag 29 augustus 2026, 21:00",Gilles van der Wal,gilles-van-der-wal,PEC Zwolle,NEC,thuis,bank,0,0,0,,0,,2026-09-07
4,"zondag 30 augustus 2026, 14:30",Thijs Muller,thijs-muller,Willem II,sc Heerenveen,thuis,afwezig,0,0,0,,0,blessure,2026-09-07
5,"zondag 6 september 2026, 16:45",Kilian Nikièma,kilian-nikiema,ADO Den Haag,Fortuna Sittard,thuis,basis,1,90,0,0,0,,2026-09-07
5,"zondag 6 september 2026, 16:45",Sekou Sylla,sekou-sylla,ADO Den Haag,Fortuna Sittard,thuis,basis,1,46,0,0,0,,2026-09-07
5,"zondag 6 september 2026, 16:45",Milan Hokke,milan-hokke,ADO Den Haag,Fortuna Sittard,thuis,basis,1,90,0,0,0,,2026-09-07
5,"zondag 6 september 2026, 16:45",Pascal Mulder,pascal-mulder,ADO Den Haag,Fortuna Sittard,thuis,basis,1,90,0,0,0,,2026-09-07
5,"zondag 6 september 2026, 16:45",Othniël Raterink,othniel-raterink,ADO Den Haag,Fortuna Sittard,thuis,basis,1,90,0,0,0,,2026-09-07
5,"zondag 6 september 2026, 16:45",Mylian Jiménez,mylian-jimenez,ADO Den Haag,Fortuna Sittard,thuis,basis,1,53,0,0,0,,2026-09-07
5,"zondag 6 september 2026, 16:45",Juho Kilo,juho-kilo,ADO Den Haag,Fortuna Sittard,thuis,basis,1,90,0,0,0,,2026-09-07
5,"zondag 6 september 2026, 16:45",Nigel Thomas,nigel-thomas,ADO Den Haag,Fortuna Sittard,thuis,basis,1,72,0,0,0,,2026-09-07
5,"zondag 6 september 2026, 16:45",Evan Rottier,evan-rottier,ADO Den Haag,Fortuna Sittard,thuis,basis,1,90,0,0,0,,2026-09-07
5,"zondag 6 september 2026, 16:45",Daryl van Mieghem,daryl-van-mieghem,ADO Den Haag,Fortuna Sittard,thuis,basis,1,46,0,0,0,,2026-09-07
5,"zondag 6 september 2026, 16:45",Yannick Eduardo,yannick-eduardo,ADO Den Haag,Fortuna Sittard,thuis,basis,1,64,1,0,0,,2026-09-07
5,"zondag 6 september 2026, 16:45",Caleb Kramer,caleb-kramer,ADO Den Haag,Fortuna Sittard,thuis,bank,0,0,0,,0,,2026-09-07
5,"zondag 6 september 2026, 16:45",Niclas Thiede,niclas-thiede,ADO Den Haag,Fortuna Sittard,thuis,bank,0,0,0,,0,,2026-09-07
5,"zondag 6 september 2026, 16:45",Matteo Waem,matteo-waem,ADO Den Haag,Fortuna Sittard,thuis,bank,0,0,0,,0,,2026-09-07
5,"zondag 6 september 2026, 16:45",Jonas Jensen Abbew,jonas-jensen-abbew,ADO Den Haag,Fortuna Sittard,thuis,invaller,0,44,0,0,0,,2026-09-07
5,"zondag 6 september 2026, 16:45",Illaijh de Ruijter,illaijh-de-ruijter,ADO Den Haag,Fortuna Sittard,thuis,invaller,0,18,0,0,0,,2026-09-07
5,"zondag 6 september 2026, 16:45",Lasse Wilhelm,lasse-wilhelm,ADO Den Haag,Fortuna Sittard,thuis,bank,0,0,0,,0,,2026-09-07
5,"zondag 6 september 2026, 16:45",Jan Zamburek,jan-zamburek,ADO Den Haag,Fortuna Sittard,thuis,bank,0,0,0,,0,,2026-09-07
5,"zondag 6 september 2026, 16:45",Finn de Bruin,finn-de-bruin,ADO Den Haag,Fortuna Sittard,thuis,bank,0,0,0,,0,,2026-09-07
5,"zondag 6 september 2026, 16:45",Jalen Hawkins,jalen-hawkins,ADO Den Haag,Fortuna Sittard,thuis,invaller,0,44,0,0,0,,2026-09-07
5,"zondag 6 september 2026, 16:45",Jesse Bal,jesse-bal,ADO Den Haag,Fortuna Sittard,thuis,invaller,0,37,1,0,0,,2026-09-07
5,"zondag 6 september 2026, 16:45",Luka Reischl,luka-reischl,ADO Den Haag,Fortuna Sittard,thuis,invaller,0,26,0,0,0,,2026-09-07
5,"zondag 6 september 2026, 16:45",Cameron Peupion,cameron-peupion,ADO Den Haag,Fortuna Sittard,thuis,afwezig,0,0,0,,0,blessure,2026-09-07
5,"zondag 6 september 2026, 16:45",Matěj Šín,matej-sin,ADO Den Haag,Fortuna Sittard,thuis,afwezig,0,0,0,,0,blessure,2026-09-07
5,"zondag 6 september 2026, 16:45",Mattijs Branderhorst,mattijs-branderhorst,Fortuna Sittard,ADO Den Haag,uit,basis,1,90,0,0,3,,2026-09-07
5,"zondag 6 september 2026, 16:45",Jasper Dahlhaus,jasper-dahlhaus,Fortuna Sittard,ADO Den Haag,uit,basis,1,90,0,0,3,,2026-09-07
5,"zondag 6 september 2026, 16:45",Justin Hubner,justin-hubner,Fortuna Sittard,ADO Den Haag,uit,basis,1,90,0,0,3,,2026-09-07
5,"zondag 6 september 2026, 16:45",Rodrigo Guth,rodrigo-guth,Fortuna Sittard,ADO Den Haag,uit,basis,1,90,0,0,3,,2026-09-07
5,"zondag 6 september 2026, 16:45",Philip Brittijn,philip-brittijn,Fortuna Sittard,ADO Den Haag,uit,basis,1,90,0,0,3,,2026-09-07
5,"zondag 6 september 2026, 16:45",Ivo Pinto,ivo-pinto,Fortuna Sittard,ADO Den Haag,uit,basis,1,90,0,0,3,,2026-09-07
5,"zondag 6 september 2026, 16:45",Shiloh 't Zand,shiloh-t-zand,Fortuna Sittard,ADO Den Haag,uit,basis,1,90,0,0,3,,2026-09-07
5,"zondag 6 september 2026, 16:45",Edouard Michut,edouard-michut,Fortuna Sittard,ADO Den Haag,uit,basis,1,90,0,0,3,,2026-09-07
5,"zondag 6 september 2026, 16:45",Mohamed Ihattaren,mohamed-ihattaren,Fortuna Sittard,ADO Den Haag,uit,basis,1,74,2,0,3,,2026-09-07
5,"zondag 6 september 2026, 16:45",Lequincio Zeefuik,lequincio-zeefuik,Fortuna Sittard,ADO Den Haag,uit,basis,1,90,1,0,3,,2026-09-07
5,"zondag 6 september 2026, 16:45",Anthony Descotte,anthony-descotte,Fortuna Sittard,ADO Den Haag,uit,basis,1,64,0,0,3,,2026-09-07
5,"zondag 6 september 2026, 16:45",Luuk Koopmans,luuk-koopmans,Fortuna Sittard,ADO Den Haag,uit,bank,0,0,0,,0,,2026-09-07
5,"zondag 6 september 2026, 16:45",Syb van Ottele,syb-van-ottele,Fortuna Sittard,ADO Den Haag,uit,invaller,0,16,0,0,3,,2026-09-07
5,"zondag 6 september 2026, 16:45",Nick de Groot,nick-de-groot,Fortuna Sittard,ADO Den Haag,uit,invaller,0,7,0,0,3,,2026-09-07
5,"zondag 6 september 2026, 16:45",Yassin Oukili,yassin-oukili,Fortuna Sittard,ADO Den Haag,uit,invaller,0,26,0,0,3,,2026-09-07
5,"zondag 6 september 2026, 16:45",Moussa Gbemou,moussa-gbemou,Fortuna Sittard,ADO Den Haag,uit,bank,0,0,0,,0,,2026-09-07
5,"zondag 6 september 2026, 16:45",Gani Buyukhan,gani-buyukhan,Fortuna Sittard,ADO Den Haag,uit,bank,0,0,0,,0,,2026-09-07
5,"zondag 6 september 2026, 16:45",Siebe Wylin,siebe-wylin,Fortuna Sittard,ADO Den Haag,uit,afwezig,0,0,0,,0,blessure,2026-09-07
5,"zondag 6 september 2026, 16:45",Jevon Simons,jevon-simons,Fortuna Sittard,ADO Den Haag,uit,afwezig,0,0,0,,0,blessure,2026-09-07
5,"zondag 6 september 2026, 16:45",Iván Márquez Álvarez,ivan-marquez-alvarez,Fortuna Sittard,ADO Den Haag,uit,afwezig,0,0,0,,0,blessure,2026-09-07
5,"zondag 6 september 2026, 16:45",Kristoffer Peterson,kristoffer-peterson,Fortuna Sittard,ADO Den Haag,uit,afwezig,0,0,0,,0,blessure,2026-09-07
5,"zaterdag 5 september 2026, 20:00",Khadim Ngom,khadim-ngom,PSV,Ajax,uit,bank,0,0,0,,0,,2026-09-07
5,"zaterdag 5 september 2026, 20:00",Amir Bouhamdi,amir-bouhamdi,PSV,Ajax,uit,bank,0,0,0,,0,,2026-09-07
5,"zondag 6 september 2026, 12:15",Etienne Vaessen,etienne-vaessen,FC Groningen,FC Twente,thuis,basis,1,90,0,0,1,,2026-09-07
5,"zondag 6 september 2026, 12:15",Wouter Prins,wouter-prins,FC Groningen,FC Twente,thuis,basis,1,83,0,0,1,,2026-09-07
5,"zondag 6 september 2026, 12:15",Márk Csinger,mark-csinger,FC Groningen,FC Twente,thuis,basis,1,60,0,0,1,,2026-09-07
5,"zondag 6 september 2026, 12:15",Thijmen Blokzijl,thijmen-blokzijl,FC Groningen,FC Twente,thuis,basis,1,90,0,0,1,,2026-09-07
5,"zondag 6 september 2026, 12:15",Jorg Schreuders,jorg-schreuders,FC Groningen,FC Twente,thuis,basis,1,90,0,0,1,,2026-09-07
5,"zondag 6 september 2026, 12:15",Tygo Land,tygo-land,FC Groningen,FC Twente,thuis,basis,1,80,1,0,1,,2026-09-07
5,"zondag 6 september 2026, 12:15",Tika de Jonge,tika-de-jonge,FC Groningen,FC Twente,thuis,basis,1,90,0,0,1,,2026-09-07
5,"zondag 6 september 2026, 12:15",Pelle Clement,pelle-clement,FC Groningen,FC Twente,thuis,basis,1,60,0,0,1,,2026-09-07
5,"zondag 6 september 2026, 12:15",Thom van Bergen,thom-van-bergen,FC Groningen,FC Twente,thuis,basis,1,90,1,0,1,,2026-09-07
5,"zondag 6 september 2026, 12:15",David van der Werff,david-van-der-werff,FC Groningen,FC Twente,thuis,basis,1,90,0,0,1,,2026-09-07
5,"zondag 6 september 2026, 12:15",Brynjólfur Willumsson,brynjolfur-willumsson,FC Groningen,FC Twente,thuis,basis,1,60,0,0,1,,2026-09-07
5,"zondag 6 september 2026, 12:15",Lovro Stubljar,lovro-stubljar,FC Groningen,FC Twente,thuis,bank,0,0,0,,0,,2026-09-07
5,"zondag 6 september 2026, 12:15",Pelle Boevink,pelle-boevink,FC Groningen,FC Twente,thuis,bank,0,0,0,,0,,2026-09-07
5,"zondag 6 september 2026, 12:15",Nikolas Brandis,nikolas-brandis,FC Groningen,FC Twente,thuis,invaller,0,7,0,0,1,,2026-09-07
5,"zondag 6 september 2026, 12:15",Elvis van der Laan,elvis-van-der-laan,FC Groningen,FC Twente,thuis,invaller,0,30,0,0,1,,2026-09-07
5,"zondag 6 september 2026, 12:15",Jesper Mosselaar,jesper-mosselaar,FC Groningen,FC Twente,thuis,bank,0,0,0,,0,,2026-09-07
5,"zondag 6 september 2026, 12:15",Travis Hernes,travis-hernes,FC Groningen,FC Twente,thuis,invaller,0,10,0,0,1,,2026-09-07
5,"zondag 6 september 2026, 12:15",Alvin Nordin,alvin-nordin,FC Groningen,FC Twente,thuis,bank,0,0,0,,0,,2026-09-07
5,"zondag 6 september 2026, 12:15",Jacob Ondrejka,jacob-ondrejka,FC Groningen,FC Twente,thuis,invaller,0,30,0,0,1,,2026-09-07
5,"zondag 6 september 2026, 12:15",Oskar Zawada,oskar-zawada,FC Groningen,FC Twente,thuis,invaller,0,30,0,0,1,,2026-09-07
5,"zondag 6 september 2026, 12:15",Nils Eggens,nils-eggens,FC Groningen,FC Twente,thuis,bank,0,0,0,,0,,2026-09-07
5,"zondag 6 september 2026, 12:15",Rijk Janse,rijk-janse,FC Groningen,FC Twente,thuis,afwezig,0,0,0,,0,blessure,2026-09-07
5,"zondag 6 september 2026, 12:15",Malcolm John Matarr Jeng,malcolm-john-matarr-jeng,FC Groningen,FC Twente,thuis,afwezig,0,0,0,,0,blessure,2026-09-07
5,"zondag 6 september 2026, 12:15",Marco Rente,marco-rente,FC Groningen,FC Twente,thuis,afwezig,0,0,0,,0,blessure,2026-09-07
5,"zondag 6 september 2026, 12:15",Ryan Metu,ryan-metu,FC Groningen,FC Twente,thuis,afwezig,0,0,0,,0,blessure,2026-09-07
5,"zondag 6 september 2026, 12:15",Tyrique Mercera,tyrique-mercera,FC Groningen,FC Twente,thuis,afwezig,0,0,0,,0,blessure,2026-09-07
5,"zondag 6 september 2026, 12:15",Lars Unnerstall,lars-unnerstall,FC Twente,FC Groningen,uit,basis,1,90,0,0,1,,2026-09-07
5,"zondag 6 september 2026, 12:15",Ruud Nijstad,ruud-nijstad,FC Twente,FC Groningen,uit,basis,1,90,0,0,1,,2026-09-07
5,"zondag 6 september 2026, 12:15",Robin Pröpper,robin-propper,FC Twente,FC Groningen,uit,basis,1,90,0,0,1,,2026-09-07
5,"zondag 6 september 2026, 12:15",Max Bruns,max-bruns,FC Twente,FC Groningen,uit,basis,1,90,0,0,1,,2026-09-07
5,"zondag 6 september 2026, 12:15",Bart van Rooij,bart-van-rooij,FC Twente,FC Groningen,uit,basis,1,90,0,0,1,,2026-09-07
5,"zondag 6 september 2026, 12:15",Daouda Weidmann,daouda-weidmann,FC Twente,FC Groningen,uit,basis,1,75,0,0,1,,2026-09-07
5,"zondag 6 september 2026, 12:15",Ramiz Zerrouki,ramiz-zerrouki,FC Twente,FC Groningen,uit,basis,1,90,0,0,1,,2026-09-07
5,"zondag 6 september 2026, 12:15",Sondre Ørjasæter,sondre-orjasaeter,FC Twente,FC Groningen,uit,basis,1,75,0,0,1,,2026-09-07
5,"zondag 6 september 2026, 12:15",Younes Taha,younes-taha,FC Twente,FC Groningen,uit,basis,1,88,0,0,1,,2026-09-07
5,"zondag 6 september 2026, 12:15",Marko Pjaca,marko-pjaca,FC Twente,FC Groningen,uit,basis,1,61,1,0,1,,2026-09-07
5,"zondag 6 september 2026, 12:15",Wout Weghorst,wout-weghorst,FC Twente,FC Groningen,uit,basis,1,90,1,0,1,,2026-09-07
5,"zondag 6 september 2026, 12:15",Sondre Rjaster,sondre-rjaster,FC Twente,FC Groningen,uit,bank,0,0,0,,0,,2026-09-07
5,"zondag 6 september 2026, 12:15",Joel Drommel,joel-drommel,FC Twente,FC Groningen,uit,bank,0,0,0,,0,,2026-09-07
5,"zondag 6 september 2026, 12:15",Remko Pasveer,remko-pasveer,FC Twente,FC Groningen,uit,bank,0,0,0,,0,,2026-09-07
5,"zondag 6 september 2026, 12:15",Micha Rosiak,micha-rosiak,FC Twente,FC Groningen,uit,bank,0,0,0,,0,,2026-09-07
5,"zondag 6 september 2026, 12:15",Krzysztof Kurowski,krzysztof-kurowski,FC Twente,FC Groningen,uit,bank,0,0,0,,0,,2026-09-07
5,"zondag 6 september 2026, 12:15",Aske Adelgaard,aske-adelgaard,FC Twente,FC Groningen,uit,bank,0,0,0,,0,,2026-09-07
5,"zondag 6 september 2026, 12:15",Jordy Bawuah,jordy-bawuah,FC Twente,FC Groningen,uit,bank,0,0,0,,0,,2026-09-07
5,"zondag 6 september 2026, 12:15",Thomas van den Belt,thomas-van-den-belt,FC Twente,FC Groningen,uit,invaller,0,15,0,0,1,,2026-09-07
5,"zondag 6 september 2026, 12:15",Daan Rots,daan-rots,FC Twente,FC Groningen,uit,invaller,0,29,0,0,1,,2026-09-07
5,"zondag 6 september 2026, 12:15",Filip Thorvaldsen,filip-thorvaldsen,FC Twente,FC Groningen,uit,invaller,0,15,0,0,1,,2026-09-07
5,"zondag 6 september 2026, 12:15",Lucas Vennegoor Of Hesselink,lucas-vennegoor-of-hesselink,FC Twente,FC Groningen,uit,invaller,0,2,0,0,1,,2026-09-07
5,"zondag 6 september 2026, 12:15",Naci Unuvar,naci-unuvar,FC Twente,FC Groningen,uit,bank,0,0,0,,0,,2026-09-07
5,"zondag 6 september 2026, 12:15",Kristian Nökkvi Hlynsson,kristian-nokkvi-hlynsson,FC Twente,FC Groningen,uit,afwezig,0,0,0,,0,blessure,2026-09-07
5,"zondag 6 september 2026, 12:15",Stav Lemkin,stav-lemkin,FC Twente,FC Groningen,uit,afwezig,0,0,0,,0,blessure,2026-09-07
5,"zaterdag 5 september 2026, 16:30",Jerayno Schaken,jerayno-schaken,Feyenoord,NEC,uit,invaller,0,31,1,0,3,,2026-09-07
5,"zondag 6 september 2026, 14:30",Bernt Klaverboer,bernt-klaverboer,sc Heerenveen,AZ,thuis,basis,1,90,0,0,0,,2026-09-07
5,"zondag 6 september 2026, 14:30",Vasilios Zagaritis,vasilios-zagaritis,sc Heerenveen,AZ,thuis,basis,1,90,0,0,0,,2026-09-07
5,"zondag 6 september 2026, 14:30",Maas Willemsen,maas-willemsen,sc Heerenveen,AZ,thuis,basis,1,90,0,0,0,,2026-09-07
5,"zondag 6 september 2026, 14:30",Sam Kersten,sam-kersten,sc Heerenveen,AZ,thuis,basis,1,90,0,0,0,,2026-09-07
5,"zondag 6 september 2026, 14:30",Oliver Braude,oliver-braude,sc Heerenveen,AZ,thuis,basis,1,90,0,0,0,,2026-09-07
5,"zondag 6 september 2026, 14:30",Dirk Proper,dirk-proper,sc Heerenveen,AZ,thuis,basis,1,74,0,0,0,,2026-09-07
5,"zondag 6 september 2026, 14:30",Nolhan Courtens,nolhan-courtens,sc Heerenveen,AZ,thuis,basis,1,88,1,0,0,,2026-09-07
5,"zondag 6 september 2026, 14:30",Maxence Rivera,maxence-rivera,sc Heerenveen,AZ,thuis,basis,1,68,0,0,0,,2026-09-07
5,"zondag 6 september 2026, 14:30",Ringo Meerveld,ringo-meerveld,sc Heerenveen,AZ,thuis,basis,1,90,1,0,0,,2026-09-07
5,"zondag 6 september 2026, 14:30",Jacob Trenskow,jacob-trenskow,sc Heerenveen,AZ,thuis,basis,1,90,0,0,0,,2026-09-07
5,"zondag 6 september 2026, 14:30",Dylan Vente,dylan-vente,sc Heerenveen,AZ,thuis,basis,1,68,0,0,0,,2026-09-07
5,"zondag 6 september 2026, 14:30",T Schreuder,t-schreuder,sc Heerenveen,AZ,thuis,bank,0,0,0,,0,,2026-09-07
5,"zondag 6 september 2026, 14:30",Andries Noppert,andries-noppert,sc Heerenveen,AZ,thuis,bank,0,0,0,,0,,2026-09-07
5,"zondag 6 september 2026, 14:30",Darling Bladi,darling-bladi,sc Heerenveen,AZ,thuis,bank,0,0,0,,0,,2026-09-07
5,"zondag 6 september 2026, 14:30",Hristiyan Petrov,hristiyan-petrov,sc Heerenveen,AZ,thuis,invaller,0,2,0,0,0,,2026-09-07
5,"zondag 6 september 2026, 14:30",Levi Smans,levi-smans,sc Heerenveen,AZ,thuis,invaller,0,16,0,0,0,,2026-09-07
5,"zondag 6 september 2026, 14:30",Luca Oyen,luca-oyen,sc Heerenveen,AZ,thuis,invaller,0,22,0,0,0,,2026-09-07
5,"zondag 6 september 2026, 14:30",Roberts Uldrikis,roberts-uldrikis,sc Heerenveen,AZ,thuis,invaller,0,22,0,0,0,,2026-09-07
5,"zondag 6 september 2026, 14:30",Marko Farji,marko-farji,sc Heerenveen,AZ,thuis,bank,0,0,0,,0,,2026-09-07
5,"zondag 6 september 2026, 14:30",Lanroy Machine,lanroy-machine,sc Heerenveen,AZ,thuis,bank,0,0,0,,0,,2026-09-07
5,"zondag 6 september 2026, 14:30",Marcus Linday,marcus-linday,sc Heerenveen,AZ,thuis,afwezig,0,0,0,,0,blessure,2026-09-07
5,"zondag 6 september 2026, 14:30",Nikolai Søyset Hopland,nikolai-soyset-hopland,sc Heerenveen,AZ,thuis,afwezig,0,0,0,,0,blessure,2026-09-07
5,"zondag 6 september 2026, 14:30",Mats Egbring,mats-egbring,sc Heerenveen,AZ,thuis,afwezig,0,0,0,,0,blessure,2026-09-07
5,"zondag 6 september 2026, 14:30",Jari De Busser,jari-de-busser,AZ,sc Heerenveen,uit,basis,1,90,0,0,3,,2026-09-07
5,"zondag 6 september 2026, 14:30",Mateo Chávez,mateo-chavez,AZ,sc Heerenveen,uit,basis,1,46,0,0,3,,2026-09-07
5,"zondag 6 september 2026, 14:30",Lewis Schouten,lewis-schouten,AZ,sc Heerenveen,uit,basis,1,90,0,0,3,,2026-09-07
5,"zondag 6 september 2026, 14:30",Wouter Goes,wouter-goes,AZ,sc Heerenveen,uit,basis,1,90,0,0,3,,2026-09-07
5,"zondag 6 september 2026, 14:30",Elijah Dijkstra,elijah-dijkstra,AZ,sc Heerenveen,uit,basis,1,68,0,0,3,,2026-09-07
5,"zondag 6 september 2026, 14:30",Peer Koopmeiners,peer-koopmeiners,AZ,sc Heerenveen,uit,basis,1,90,0,0,3,,2026-09-07
5,"zondag 6 september 2026, 14:30",Jordy Clasie,jordy-clasie,AZ,sc Heerenveen,uit,basis,1,64,0,0,3,,2026-09-07
5,"zondag 6 september 2026, 14:30",Ro-Zangelo Daal,ro-zangelo-daal,AZ,sc Heerenveen,uit,basis,1,82,1,0,3,,2026-09-07
5,"zondag 6 september 2026, 14:30",Dave Kwakman,dave-kwakman,AZ,sc Heerenveen,uit,basis,1,90,0,0,3,,2026-09-07
5,"zondag 6 september 2026, 14:30",Weslley Patati,weslley-patati,AZ,sc Heerenveen,uit,basis,1,46,0,0,3,,2026-09-07
5,"zondag 6 september 2026, 14:30",Mexx Meerdink,mexx-meerdink,AZ,sc Heerenveen,uit,basis,1,90,1,0,3,,2026-09-07
5,"zondag 6 september 2026, 14:30",Rome Jayden Owusu Oduro,rome-jayden-owusu-oduro,AZ,sc Heerenveen,uit,bank,0,0,0,,0,,2026-09-07
5,"zondag 6 september 2026, 14:30",Seiya Maikuma,seiya-maikuma,AZ,sc Heerenveen,uit,invaller,0,22,0,0,3,,2026-09-07
5,"zondag 6 september 2026, 14:30",Andrea Natali,andrea-natali,AZ,sc Heerenveen,uit,bank,0,0,0,,0,,2026-09-07
5,"zondag 6 september 2026, 14:30",Rion Ichihara,rion-ichihara,AZ,sc Heerenveen,uit,bank,0,0,0,,0,,2026-09-07
5,"zondag 6 september 2026, 14:30",Mees de Wit,mees-de-wit,AZ,sc Heerenveen,uit,invaller,0,44,0,0,3,,2026-09-07
5,"zondag 6 september 2026, 14:30",Calvin Stengs,calvin-stengs,AZ,sc Heerenveen,uit,invaller,0,44,0,0,3,,2026-09-07
5,"zondag 6 september 2026, 14:30",Valdemar Byskov,valdemar-byskov,AZ,sc Heerenveen,uit,invaller,0,26,0,0,3,,2026-09-07
5,"zondag 6 september 2026, 14:30",Hessel de Wit,hessel-de-wit,AZ,sc Heerenveen,uit,bank,0,0,0,,0,,2026-09-07
5,"zondag 6 september 2026, 14:30",Bendeguz Kovacs,bendeguz-kovacs,AZ,sc Heerenveen,uit,bank,0,0,0,,0,,2026-09-07
5,"zondag 6 september 2026, 14:30",Jizz Hornkamp,jizz-hornkamp,AZ,sc Heerenveen,uit,bank,0,0,0,,0,,2026-09-07
5,"zondag 6 september 2026, 14:30",Ayoub Oufkir,ayoub-oufkir,AZ,sc Heerenveen,uit,invaller,0,8,1,0,3,,2026-09-07
5,"zondag 6 september 2026, 14:30",Hobie Verhulst,hobie-verhulst,AZ,sc Heerenveen,uit,afwezig,0,0,0,,0,schorsing,2026-09-07
5,"zondag 6 september 2026, 14:30",Kees Smit,kees-smit,AZ,sc Heerenveen,uit,afwezig,0,0,0,,0,blessure,2026-09-07
5,"zondag 6 september 2026, 14:30",Stije Resink,stije-resink,AZ,sc Heerenveen,uit,afwezig,0,0,0,,0,blessure,2026-09-07
5,"zondag 6 september 2026, 14:30",Denso Kasius,denso-kasius,AZ,sc Heerenveen,uit,afwezig,0,0,0,,0,blessure,2026-09-07
5,"vrijdag 4 september 2026, 20:00",Gilles van der Wal,gilles-van-der-wal,PEC Zwolle,Sparta Rotterdam,uit,bank,0,0,0,,0,,2026-09-07
5,"zondag 6 september 2026, 14:30",Ronald Koeman Jr.,ronald-koeman-jr,Telstar,SC Cambuur,thuis,basis,1,90,2,0,1,,2026-09-07
5,"zondag 6 september 2026, 14:30",Marvin Peersman,marvin-peersman,Telstar,SC Cambuur,thuis,basis,1,90,0,0,1,,2026-09-07
5,"zondag 6 september 2026, 14:30",Abdelnour Soualhia,abdelnour-soualhia,Telstar,SC Cambuur,thuis,basis,1,90,0,0,1,,2026-09-07
5,"zondag 6 september 2026, 14:30",Sem Valk,sem-valk,Telstar,SC Cambuur,thuis,basis,1,90,0,0,1,,2026-09-07
5,"zondag 6 september 2026, 14:30",Jeff Hardeveld,jeff-hardeveld,Telstar,SC Cambuur,thuis,basis,1,66,0,0,1,,2026-09-07
5,"zondag 6 september 2026, 14:30",Tyrone Owusu,tyrone-owusu,Telstar,SC Cambuur,thuis,basis,1,87,0,0,1,,2026-09-07
5,"zondag 6 september 2026, 14:30",Nils Rossen,nils-rossen,Telstar,SC Cambuur,thuis,basis,1,66,0,0,1,,2026-09-07
5,"zondag 6 september 2026, 14:30",Gerald Alders,gerald-alders,Telstar,SC Cambuur,thuis,basis,1,87,0,0,1,,2026-09-07
5,"zondag 6 september 2026, 14:30",Patrick Brouwer,patrick-brouwer,Telstar,SC Cambuur,thuis,basis,1,90,0,0,1,,2026-09-07
5,"zondag 6 september 2026, 14:30",Rui Mendes,rui-mendes,Telstar,SC Cambuur,thuis,basis,1,60,0,0,1,,2026-09-07
5,"zondag 6 september 2026, 14:30",Nökkvi Thórisson,nokkvi-thorisson,Telstar,SC Cambuur,thuis,basis,1,90,0,0,1,,2026-09-07
5,"zondag 6 september 2026, 14:30",Finn Mulder,finn-mulder,Telstar,SC Cambuur,thuis,bank,0,0,0,,0,,2026-09-07
5,"zondag 6 september 2026, 14:30",Daan Reiziger,daan-reiziger,Telstar,SC Cambuur,thuis,bank,0,0,0,,0,,2026-09-07
5,"zondag 6 september 2026, 14:30",Nigel Ogidi Nwankwo,nigel-ogidi-nwankwo,Telstar,SC Cambuur,thuis,bank,0,0,0,,0,,2026-09-07
5,"zondag 6 september 2026, 14:30",Rojendro Oudsten,rojendro-oudsten,Telstar,SC Cambuur,thuis,invaller,0,3,0,0,1,,2026-09-07
5,"zondag 6 september 2026, 14:30",Ar Jany Martha,ar-jany-martha,Telstar,SC Cambuur,thuis,bank,0,0,0,,0,,2026-09-07
5,"zondag 6 september 2026, 14:30",Prince Aning,prince-aning,Telstar,SC Cambuur,thuis,invaller,0,24,0,0,1,,2026-09-07
5,"zondag 6 september 2026, 14:30",Isaiah Ahmed,isaiah-ahmed,Telstar,SC Cambuur,thuis,bank,0,0,0,,0,,2026-09-07
5,"zondag 6 september 2026, 14:30",Harrie Kuster,harrie-kuster,Telstar,SC Cambuur,thuis,invaller,0,24,0,0,1,,2026-09-07
5,"zondag 6 september 2026, 14:30",Noach Shenkman,noach-shenkman,Telstar,SC Cambuur,thuis,invaller,0,3,0,0,1,,2026-09-07
5,"zondag 6 september 2026, 14:30",Emirhan Demircan,emirhan-demircan,Telstar,SC Cambuur,thuis,bank,0,0,0,,0,,2026-09-07
5,"zondag 6 september 2026, 14:30",Jelani Seedorf,jelani-seedorf,Telstar,SC Cambuur,thuis,invaller,0,30,0,0,1,,2026-09-07
5,"zondag 6 september 2026, 14:30",Fofin Turay,fofin-turay,Telstar,SC Cambuur,thuis,bank,0,0,0,,0,,2026-09-07
5,"zondag 6 september 2026, 14:30",Thijs Jansen,thijs-jansen,SC Cambuur,Telstar,uit,basis,1,90,0,0,1,,2026-09-07
5,"zondag 6 september 2026, 14:30",Morgan Costarelli,morgan-costarelli,SC Cambuur,Telstar,uit,basis,1,72,0,0,1,,2026-09-07
5,"zondag 6 september 2026, 14:30",Billy van Duijl,billy-van-duijl,SC Cambuur,Telstar,uit,basis,1,90,0,0,1,,2026-09-07
5,"zondag 6 september 2026, 14:30",Ismaël Baouf,ismael-baouf,SC Cambuur,Telstar,uit,basis,1,42,0,0,1,,2026-09-07
5,"zondag 6 september 2026, 14:30",Devid Eugene Bouah,devid-eugene-bouah,SC Cambuur,Telstar,uit,basis,1,72,0,0,1,,2026-09-07
5,"zondag 6 september 2026, 14:30",Nicky Souren,nicky-souren,SC Cambuur,Telstar,uit,basis,1,90,0,0,1,,2026-09-07
5,"zondag 6 september 2026, 14:30",Jamal Amofa,jamal-amofa,SC Cambuur,Telstar,uit,basis,1,90,0,0,1,,2026-09-07
5,"zondag 6 september 2026, 14:30",Ilyes Hamache,ilyes-hamache,SC Cambuur,Telstar,uit,basis,1,90,0,0,1,,2026-09-07
5,"zondag 6 september 2026, 14:30",Rafik El Arguioui,rafik-el-arguioui,SC Cambuur,Telstar,uit,basis,1,90,1,0,1,,2026-09-07
5,"zondag 6 september 2026, 14:30",Fabian Kvam,fabian-kvam,SC Cambuur,Telstar,uit,basis,1,68,0,0,1,,2026-09-07
5,"zondag 6 september 2026, 14:30",Nicolas Binder,nicolas-binder,SC Cambuur,Telstar,uit,basis,1,68,1,0,1,,2026-09-07
5,"zondag 6 september 2026, 14:30",F Kvam,f-kvam,SC Cambuur,Telstar,uit,bank,0,0,0,,0,,2026-09-07
5,"zondag 6 september 2026, 14:30",Luca Plogmann,luca-plogmann,SC Cambuur,Telstar,uit,bank,0,0,0,,0,,2026-09-07
5,"zondag 6 september 2026, 14:30",Matthijs Kalisvaart,matthijs-kalisvaart,SC Cambuur,Telstar,uit,bank,0,0,0,,0,,2026-09-07
5,"zondag 6 september 2026, 14:30",Jorn Berkhout,jorn-berkhout,SC Cambuur,Telstar,uit,bank,0,0,0,,0,,2026-09-07
5,"zondag 6 september 2026, 14:30",Rik Mulders,rik-mulders,SC Cambuur,Telstar,uit,invaller,0,18,0,0,1,,2026-09-07
5,"zondag 6 september 2026, 14:30",Lucas Jetten,lucas-jetten,SC Cambuur,Telstar,uit,invaller,0,18,0,0,1,,2026-09-07
5,"zondag 6 september 2026, 14:30",Ethan Apkakou,ethan-apkakou,SC Cambuur,Telstar,uit,bank,0,0,0,,0,,2026-09-07
5,"zondag 6 september 2026, 14:30",Jason Ceka,jason-ceka,SC Cambuur,Telstar,uit,invaller,0,22,0,0,1,,2026-09-07
5,"zondag 6 september 2026, 14:30",Mathieu Maertens,mathieu-maertens,SC Cambuur,Telstar,uit,invaller,0,22,0,0,1,,2026-09-07
5,"zondag 6 september 2026, 14:30",Sami Bouhoudane,sami-bouhoudane,SC Cambuur,Telstar,uit,invaller,0,48,0,0,1,,2026-09-07
5,"zondag 6 september 2026, 14:30",S Vink,s-vink,SC Cambuur,Telstar,uit,bank,0,0,0,,0,,2026-09-07
5,"zondag 6 september 2026, 14:30",Wiebe Kooistra,wiebe-kooistra,SC Cambuur,Telstar,uit,bank,0,0,0,,0,,2026-09-07
5,"zondag 6 september 2026, 14:30",Iwan Henstra,iwan-henstra,SC Cambuur,Telstar,uit,bank,0,0,0,,0,,2026-09-07
5,"zondag 6 september 2026, 14:30",Wout Asselman,wout-asselman,SC Cambuur,Telstar,uit,afwezig,0,0,0,,0,blessure,2026-09-07
5,"zaterdag 5 september 2026, 21:00",Thijs Muller,thijs-muller,Willem II,Excelsior,thuis,afwezig,0,0,0,,0,blessure,2026-09-07
5,"zaterdag 5 september 2026, 21:00",Vito van Crooij,vito-van-crooij,Willem II,Excelsior,thuis,afwezig,0,0,0,,0,blessure,2026-09-07
5,"zaterdag 5 september 2026, 16:30",Isak Hansen-Aaröen,isak-hansen-aaroen,NEC,Feyenoord,thuis,afwezig,0,0,0,,0,schorsing,2026-09-07
5,"zaterdag 5 september 2026, 16:30",Freek Entius,freek-entius,NEC,Feyenoord,thuis,afwezig,0,0,0,,0,schorsing,2026-09-07
5,"zaterdag 5 september 2026, 16:30",Thomas Beelen,thomas-beelen,Feyenoord,NEC,uit,afwezig,0,0,0,,0,schorsing,2026-09-07
5,"zondag 6 september 2026, 14:30",Mees Hilgers,mees-hilgers,sc Heerenveen,AZ,thuis,afwezig,0,0,0,,0,blessure,2026-09-07
